직업코드,직업명,직업분류,NCS능력단위명,NCS능력단위정의,NCS대분류,NCS중분류,NCS소분류,능력단위코드
K000001059,경영 지원 관리자,행정·경영·금융·보험 관리자　,숙박기획·개발,"관광숙박 사업 개발이란 신규 숙박시설 개관을 위하여 기업의 운영목적에따라 필요한 사업계획서 작성, 사업 타당성 검토, 개관 업무 준비를 수행하는 능력이다.",이용·숙박·여행·오락·스포츠,관광·레저,숙박서비스,1203020111
K000001059,경영 지원 관리자,행정·경영·금융·보험 관리자　,인사,인사기획이란 조직의 목표달성에 필요한 인적자원의 효율적 운영을 위하여 인사전략을 수립하고 인력과 인건비 운영에 대한 계획을 수립하는 능력이다.,경영·회계·사무,총무·인사,인사·조직,0202020101
K000001059,경영 지원 관리자,행정·경영·금융·보험 관리자　,인사,인사 아웃소싱이란 선정된 아웃소싱 대상 업무수행을 위하여 운영업체의제안 내용의 평가를 통해 계약을 체결하고 운영업체를 관리하는 능력이다.,경영·회계·사무,총무·인사,인사·조직,0202020113
K000007471,보험관리자,행정·경영·금융·보험 관리자　,재물손해사정,"선박보험 손해액 산정은 합리적인 보험금 사정을 위하여 피보험목적물 확인, 수리비 평가, 손해액을 평가하는 능력이다.",금융·보험,보험,손해사정,0302030112
K000007471,보험관리자,행정·경영·금융·보험 관리자　,위험관리,"위험처리는 손해보험 위험분석 결과를 이행하기 위하여 위험통제, 재무적위험관리, 개선권고사항을 관리하는 능력이다.",금융·보험,보험,보험영업·계약,0302020405
K000007471,보험관리자,행정·경영·금융·보험 관리자　,보험계약심사,"재정·도덕적 인수위험평가란 피보험 이익의 적정성 여부를 판단하기 위하여 재정·도덕적 심사정보 수집, 재정, 도덕적 심사위험 평가, 재정, 도덕적 가입조건 결정을 하는 능력이다.",금융·보험,보험,보험영업·계약,0302020204
K000001190,연구관리자,전문서비스 관리자,인공지능서비스기획,인공지능 서비스 시나리오 기획이란 인공지능 서비스 요소들의 기능적 상호작용에 대한 흐름을 체계화하고 타당성을 검증하여 시나리오를 확정하는 능력이다.,정보통신,정보기술,인공지능,2001070205
K000001190,연구관리자,전문서비스 관리자,인공지능플랫폼구축,"인공지능 플랫폼 품질 관리란 인공지능 플랫폼의 품질 목표를 달성하기위하여 품질 관리 계획을 수립하고, 수립된 계획에 따라 품질 보증 활동을수행, 통제하는 능력이다.",정보통신,정보기술,인공지능,2001070109
K000001190,연구관리자,전문서비스 관리자,인공지능서비스기획,"인공지능 서비스 환경 분석이란 서비스 모델과 관련된 기업의 내·외부 환경을 분석하고 데이터, 기술, 인력 관점에서 필요한 자원과 동향을 분석하는 능력이다.",정보통신,정보기술,인공지능,2001070201
K000000991,여행·숙박(호텔)관리자,미용·여행·숙박·음식·경비·청소 관리자,산업보건관리,"산업보건관리체제확립이란 산업보건에 관한 책임소재를 명확히 하고, 사업장의 자율안전보건관리 활동을 지속적으로 수행하기 위한 산업보건관리조직을 사업의 종류, 규모, 근로자수에 따라 적절하게 구성ㆍ운영하는 능력이다.",환경·에너지·안전,산업안전보건,산업보건관리,2306020102
K000000991,여행·숙박(호텔)관리자,미용·여행·숙박·음식·경비·청소 관리자,산업보건관리,"보건관리계획수립평가란 사업장의 보건관리 수준을 파악하고 효과적인 산업보건활동을 할 수 있도록 계획 수립 및 수행, 평가를 하는 능력이다.",환경·에너지·안전,산업안전보건,산업보건관리,2306020101
K000000991,여행·숙박(호텔)관리자,미용·여행·숙박·음식·경비·청소 관리자,위험물안전관리,"위험물 행정관리란 사업장의 법적기준을 준수하기 위하여 허가신청서류,예방규정, 신고서류에 대한 작성과 안전관리 인력을 관리하는 능력이다.",법률·경찰·소방·교도·국방,소방방재,소방,0502010611
K000007524,행정사,정부행정 전문가 및 관련 종사자,여행상품상담,"여행서류 확인이란 고객의 원활한 해외여행을 준비하기 위하여 여권, 비자, 출입국, 보험 서류를 확인하는 능력이다.",이용·숙박·여행·오락·스포츠,관광·레저,여행서비스,1203010216
K000007524,행정사,정부행정 전문가 및 관련 종사자,여행상품상담,"여행서류확인 지원이란 여권, 비자, 출입국, 보험 서류 등의 확인을 지원하는 능력이다.",이용·숙박·여행·오락·스포츠,관광·레저,여행서비스,1203010215
K000007524,행정사,정부행정 전문가 및 관련 종사자,청소년상담복지,"지역자원 연계협력은 지역 내 청소년을 효과적으로 돕기 위하여 지역 내 유관기관 간 인적, 물적 자원을 상호 교류하는 능력이다.",사회복지·종교,상담,청소년지도,0702020232
K000007562,노무사,경영·인사 전문가,인사,퇴직업무지원은 퇴직사유가 있는 퇴직예정자를 확인하여 퇴직유형에 적합한 퇴직절차를 수행하는 능력이다.,경영·회계·사무,총무·인사,인사·조직,0202020114
K000007562,노무사,경영·인사 전문가,직무분석,"직무분석 결과관리란 직무분석이 완료된 후 해당 내용을 관련부서에 공지하고, 결과를 유지·관리하며 직무분석 결과가 활용될 수 있도록 정보를제공하는 능력이다.",교육·자연·사회과학,직업교육,직업교육,0403010311
K000007562,노무사,경영·인사 전문가,병원행정,병원노무관리란 병원의 노동분쟁 및 노사협의에 관한 업무를 수행하고 관리하는 능력이다.,보건·의료,보건,보건지원,0601020113
K000007449,회계사,회계·세무·감정 전문가,원산지관리,FTA원산지 인증수출자 인증이란 원산지 인증수출자 제도를 파악하고 원산지 인증수출자 인증 관련 자료를 준비하여 인증을 취득하고 유지하는능력이다.,경영·회계·사무,생산·품질관리,물류무역관리,0204030305
K000007449,회계사,회계·세무·감정 전문가,인사,"인력채용이란 조직에 적합한 인재를 확보하기 위하여 계획수립, 모집, 선발, 채용 후 사후관리를 수행하는 능력이다.",경영·회계·사무,총무·인사,인사·조직,0202020103
K000007449,회계사,회계·세무·감정 전문가,PB영업,"비금융자산 상담·자문이란 고객의 생애재무목표 달성을 위하여 부동산,세무, 실물자산과 같은 금융자산 이외의 분야에 대하여 상담하고 조언하는 능력이다.",금융·보험,금융,금융영업,0301010305
K000007500,관세사,회계·세무·감정 전문가,항공장비보급관리,항공장비 보급품 통관은 수입 또는 수출되는 항공장비를 관세법의 절차에따라 국내로 반입하거나 국외로 반출하는 업무를 수행하는 능력이다.,기계,항공기제작,항공장비관리,1509040203
K000007500,관세사,회계·세무·감정 전문가,수출입관리,"수출통관이란 국가의 적법한 절차에 따라 수출물품의 신속한 통관을 위하여 서류작성, FTA 검토, 관세환급, 사후관리 등의 통관계획을 수립하고 진행하는 능력이다.",경영·회계·사무,생산·품질관리,물류무역관리,0204030210
K000007500,관세사,회계·세무·감정 전문가,원산지관리,FTA 원산지 판정요소 관리란 품목분류 및 원산지 기준을 확인하여 원산지를 관리하고 FTA BOM을 구성하는 능력이다.,경영·회계·사무,생산·품질관리,물류무역관리,0204030302
K000007514,감정평가사,회계·세무·감정 전문가,감정평가가격정보제공,"·감정평가가격정보 조사·분석이란 감정평가의 기본적 활동에 해당하는감정평가 대상물의 결정, 관련된 권리의 확인, 감정평가의 분류와 목적의정의, 감정평가 시점 결정 등에서 발생하는 감정평가가격정보를 체계적이고 계획적으로 수집하여 분석하는 능력이다.",영업판매,부동산,감정평가,1002040305
K000007514,감정평가사,회계·세무·감정 전문가,기업가치평가,기업가치평가 사후관리란 보고서 발급이후 평가에 소요된 자료와 정보를저장하고 관리하며 기업가치 평가의 능력개발과 평가서의 품질을 지속적으로 향상시키는 능력이다.,영업판매,부동산,감정평가,1002040209
K000007514,감정평가사,회계·세무·감정 전문가,감정평가가격정보제공,"감정평가가격정보 모형 설계란 감정평가가격정보 데이터를 활용하여 감정평가 목적물의 경제적 가치를 추정하는 과학적 방법으로써 거래사례비교법, 수익환원법, 원가법의 감정평가 3방식을 효율적으로 사용하는 데에 도움을 주는 통계학적 분석을 행하는 능력이다.",영업판매,부동산,감정평가,1002040308
K000007525,세무사,회계·세무·감정 전문가,세무,"절세방안 수립이란 납세자의 세부담을 최소화하기 위하여 과세정책에 대한 동향을 파악하고, 절세요소 점검 및 절세 누수요소 제거를 통해 절세방안을 수립하는 능력이다.",경영·회계·사무,재무·회계,회계,0203020212
K000007525,세무사,회계·세무·감정 전문가,세무,종합소득세신고란 사업소득을 포함한 종합소득금액을 계산하고 종합소득세 과세표준 확정신고서를 작성하여 신고하는 능력이다.,경영·회계·사무,재무·회계,회계,0203020206
K000007525,세무사,회계·세무·감정 전문가,세무,조세불복청구란 납세자의 권리를 보호하기 위하여 조세행정에 있어 처분이 있기 전 또는 처분에 대하여 납세자의 권리를 구제하는 절차를 관리하고 수행하는 능력이다.,경영·회계·사무,재무·회계,회계,0203020211
K000000997,상품 기획 전문가,광고·조사·상품기획·행사기획 전문가,스포츠이벤트,"스포츠관광상품 출시관리란 스포츠 관련 관광상품의 판매가격을 확정하고, 상품출시 및 상품의 정보를 구축하는 능력이다.",이용·숙박·여행·오락·스포츠,스포츠,스포츠마케팅,1204040112
K000000997,상품 기획 전문가,광고·조사·상품기획·행사기획 전문가,하우스매니징,"공연장 부가상품개발이란 공연예술작품의 부가가치 창출을 위하여 부가상품을 기획, 제작, 유통하는 능력이다.",문화·예술·디자인·방송,문화·예술,공연예술,0801031122
K000000997,상품 기획 전문가,광고·조사·상품기획·행사기획 전문가,디지털비즈니스지원서비스,"디지털비지니스지원서비스 확산전략이란  디지털 미디어와 디지털확산미디어를 중심으로 활용하여, 핵심 타깃에게 콘텐츠 또는 브랜드 스토리를 효율적으로 노출하고 경험케 하여, 핵심 타깃 스스로 이를 자발적으로 확산하게 할 수 있는 능력이다.",정보통신,통신기술,통신서비스,2002031813
K000001139,조사전문가,광고·조사·상품기획·행사기획 전문가,통계조사,"통계조사계획이란 조사목적에 부합하는 정확한 조사를 수행하기 위하여고객 요구사항 분석을 통해 조사내용, 방법, 범위를 결정하고 세부 실행계획을 수립하는 능력이다.",경영·회계·사무,기획사무,마케팅,0201030301
K000001139,조사전문가,광고·조사·상품기획·행사기획 전문가,방재안전대책관리,"방재안전대책현장 조사는 재해가 발생한 지역 및 재해발생이 예상되는 지역의 조사 계획 수립 및 조사 분석, 재해저감 및 복구 계획에 반영하는 전문성을 필요로 하는 능력이다.",법률·경찰·소방·교도·국방,소방방재,방재,0502020303
K000001139,조사전문가,광고·조사·상품기획·행사기획 전문가,디지털비즈니스지원서비스,"디지털비지니스지원서비스 예산전략 수립이란 디지털비지니스지원서비스 실행을 위한 예산을 계획, 조정, 확정하는 능력이다.",정보통신,통신기술,통신서비스,2002031809
K000000995,"일반행정공무원(조세, 관세, 병무 제외)",정부행정 사무원,세무,"절세방안 수립이란 납세자의 세부담을 최소화하기 위하여 과세정책에 대한 동향을 파악하고, 절세요소 점검 및 절세 누수요소 제거를 통해 절세방안을 수립하는 능력이다.",경영·회계·사무,재무·회계,회계,0203020212
K000000995,"일반행정공무원(조세, 관세, 병무 제외)",정부행정 사무원,원산지관리,FTA 원산지 활용분석이란 FTA 활용의 필요성 및 업종별 특수성을 분석하여 효과적인 원산지관리 체계를 수립하는 능력이다.,경영·회계·사무,생산·품질관리,물류무역관리,0204030301
K000000995,"일반행정공무원(조세, 관세, 병무 제외)",정부행정 사무원,세무,조세불복청구란 납세자의 권리를 보호하기 위하여 조세행정에 있어 처분이 있기 전 또는 처분에 대하여 납세자의 권리를 구제하는 절차를 관리하고 수행하는 능력이다.,경영·회계·사무,재무·회계,회계,0203020211
K000001040,관세 행정 사무원,정부행정 사무원,수출입관리,"수출입계약이란 수출입업무를 위한 계약서 초안준비, 계약체결 방법결정,계약서 작성 및 검토 등을 통하여 계약체결 이후 계약의 이행과 종료 전반의 과정을 관리하는 능력이다.",경영·회계·사무,생산·품질관리,물류무역관리,0204030204
K000001040,관세 행정 사무원,정부행정 사무원,원산지관리,FTA 원산지 증빙서류 발급이란 원산지 입증서류를 구비하여 원산지 증빙서류등을 발급 및 작성하는 능력이다.,경영·회계·사무,생산·품질관리,물류무역관리,0204030304
K000001040,관세 행정 사무원,정부행정 사무원,해외법인설립관리,"해외법인 설립대상국 분석이란 해외법인이 설립될 국가의 정치경제적, 사회문화적, 제도적 및 사업적 시장환경을 분석하는 능력이다.",사업관리,사업관리,해외관리,0101020103
K000001079,경영 기획 사무원,경영지원 사무원,경영평가,"경영평가 사후관리는 문제점을 파악하여 사후관리 계획을 수립하고, 개선안을 도출, 확정한 후, 사후관리 보고서를 작성하여 공유하는 능력이다.",경영·회계·사무,기획사무,경영기획,0201010209
K000001079,경영 기획 사무원,경영지원 사무원,기업교육,교육/훈련과정 환급 실행관리란 정부의 직업능력개발 지원 제도를 활용하여 지원 규정을 충족하는 교육/훈련과정을 구성하고 HRD넷 운용을 통해제반 신청 및 환급 절차를 실행하고 제반 서류 관리와 후속업무 관리를수행 할 수 있는 능력을 말한다.,교육·자연·사회과학,직업교육,직업교육,0403010214
K000001079,경영 기획 사무원,경영지원 사무원,경영평가,"경영평가계획 수립은 평가목표를 설정하고, 평가일정을 수립하며, 평가예산을 산출하여 평가를 실시할 계획서를 작성하고 이를 공유하며 평가의영역, 평가대상의 범위, 평가의 결과적 범위와 과정적 범위를 정하고 정해진 평가범위를 검증하는 능력이다.",경영·회계·사무,기획사무,경영기획,0201010210
K000007517,총무사무원,경영지원 사무원,기업교육,교육/훈련과정 환급 실행관리란 정부의 직업능력개발 지원 제도를 활용하여 지원 규정을 충족하는 교육/훈련과정을 구성하고 HRD넷 운용을 통해제반 신청 및 환급 절차를 실행하고 제반 서류 관리와 후속업무 관리를수행 할 수 있는 능력을 말한다.,교육·자연·사회과학,직업교육,직업교육,0403010214
K000007517,총무사무원,경영지원 사무원,직무분석,직무분석 결과 활용이란 직무분석 기술이 완료된 후 해당 결과를 인사관리에 활용하는 능력이다.,교육·자연·사회과학,직업교육,직업교육,0403010312
K000007517,총무사무원,경영지원 사무원,경영평가,"경영평가계획 수립은 평가목표를 설정하고, 평가일정을 수립하며, 평가예산을 산출하여 평가를 실시할 계획서를 작성하고 이를 공유하며 평가의영역, 평가대상의 범위, 평가의 결과적 범위와 과정적 범위를 정하고 정해진 평가범위를 검증하는 능력이다.",경영·회계·사무,기획사무,경영기획,0201010210
K000007553,감사사무원,경영지원 사무원,경영평가,"경영평가 사후관리는 문제점을 파악하여 사후관리 계획을 수립하고, 개선안을 도출, 확정한 후, 사후관리 보고서를 작성하여 공유하는 능력이다.",경영·회계·사무,기획사무,경영기획,0201010209
K000007553,감사사무원,경영지원 사무원,기업교육,교육/훈련과정 환급 실행관리란 정부의 직업능력개발 지원 제도를 활용하여 지원 규정을 충족하는 교육/훈련과정을 구성하고 HRD넷 운용을 통해제반 신청 및 환급 절차를 실행하고 제반 서류 관리와 후속업무 관리를수행 할 수 있는 능력을 말한다.,교육·자연·사회과학,직업교육,직업교육,0403010214
K000007553,감사사무원,경영지원 사무원,경영평가,"경영평가계획 수립은 평가목표를 설정하고, 평가일정을 수립하며, 평가예산을 산출하여 평가를 실시할 계획서를 작성하고 이를 공유하며 평가의영역, 평가대상의 범위, 평가의 결과적 범위와 과정적 범위를 정하고 정해진 평가범위를 검증하는 능력이다.",경영·회계·사무,기획사무,경영기획,0201010210
K000007466,경리사무원,회계·경리 사무원,회계·감사,"재무제표작성이란 재무상태를 파악하기 위하여 재무상태표일 현재의 자산, 부채, 자본을 측정·평가하고 회계기간의 수익, 비용을 확정하여 재무성과를 파악함과 동시에 각 계정을 정리하여 장부를 마감하고 재무제표를 작성하는 능력이다.",경영·회계·사무,재무·회계,회계,0203020111
K000007466,경리사무원,회계·경리 사무원,세무,"결산관리란 회계기간의 수익, 비용을 확정하여 경영성과를 파악하고, 결산일 현재의 자산, 부채, 자본을 측정·평가하고 재무상태를 파악하여 재무제표를 작성하는 능력이다.",경영·회계·사무,재무·회계,회계,0203020202
K000007466,경리사무원,회계·경리 사무원,직무분석,직무분석 결과 활용이란 직무분석 기술이 완료된 후 해당 결과를 인사관리에 활용하는 능력이다.,교육·자연·사회과학,직업교육,직업교육,0403010312
K000007487,회계사무원,회계·경리 사무원,회계·감사,"재무제표작성이란 재무상태를 파악하기 위하여 재무상태표일 현재의 자산, 부채, 자본을 측정·평가하고 회계기간의 수익, 비용을 확정하여 재무성과를 파악함과 동시에 각 계정을 정리하여 장부를 마감하고 재무제표를 작성하는 능력이다.",경영·회계·사무,재무·회계,회계,0203020111
K000007487,회계사무원,회계·경리 사무원,세무,"결산관리란 회계기간의 수익, 비용을 확정하여 경영성과를 파악하고, 결산일 현재의 자산, 부채, 자본을 측정·평가하고 재무상태를 파악하여 재무제표를 작성하는 능력이다.",경영·회계·사무,재무·회계,회계,0203020202
K000007487,회계사무원,회계·경리 사무원,전자제품기획,"전자제품 실행전략수립이란 전자제품의 제품화를 위한 출시일정, 자원배치, 예산을 계획하는 능력이다.",전기·전자,전자기기일반,전자제품개발기획·생산,1902010110
K000000918,무역 사무원,무역·운송·생산·품질 사무원,수출입관리,"수출입계약이란 수출입업무를 위한 계약서 초안준비, 계약체결 방법결정,계약서 작성 및 검토 등을 통하여 계약체결 이후 계약의 이행과 종료 전반의 과정을 관리하는 능력이다.",경영·회계·사무,생산·품질관리,물류무역관리,0204030204
K000000918,무역 사무원,무역·운송·생산·품질 사무원,종자유통보급,종자수출 업무관리란 종자를 수출하기 위하여 관련된 업무를 수행하고 수출하기 전후의 행정업무를 수행할 수 있는 능력이다.,농림어업,농업,종자생산·유통,2401020418
K000001127,의료코디네이터,안내·고객상담·통계·비서 및 기타 사무원,병원행정,"병원세무관리란 병원의 경영 및 관리와 관련된 각종 세액을 계산하고, 신고 및 납부업무를 수행할 수 있는 능력이다.",보건·의료,보건,보건지원,0601020120
K000001127,의료코디네이터,안내·고객상담·통계·비서 및 기타 사무원,병원행정,"고객관리란 의료기관을 이용하는 고객인 환자와 관련된 민원을 해결하고,협력병원과 관련된 업무를 처리하고 관리할 수 있는 능력이다.",보건·의료,보건,보건지원,0601020112
K000001127,의료코디네이터,안내·고객상담·통계·비서 및 기타 사무원,의료정보관리,"포괄수가제 관리란 진료서비스 제공과정에서 생성되는 진단, 의료행위 및관련 정보를 포괄수가제 분류 지침에 따라 그루퍼(grouper)를 생성하고, 분류·검토하여 관리하는 능력이다.",보건·의료,보건,의료기술지원,0601011417
K000001183,속기사,안내·고객상담·통계·비서 및 기타 사무원,비서,영문서 지원업무는 영어·외국어 능력을 통하여 문서관련 업무를 지원하는 능력이다.,경영·회계·사무,총무·인사,일반사무,0202030113
K000001183,속기사,안내·고객상담·통계·비서 및 기타 사무원,통계조사,"자료처리란 자료분석 작업을 위해 수집된 자료를 부호화하여 입력하고,빈도표 작성을 통해 자료를 정제하여 최종 원시자료를 생성하는 능력이다.",경영·회계·사무,기획사무,마케팅,0201030305
K000001183,속기사,안내·고객상담·통계·비서 및 기타 사무원,비서,비서영어 회화 업무는 국제화 시대에 요구되는 영어·외국어 표현을 구사하여 원활한 구두 커뮤니케이션을 통해 비서업무를 수행하는 능력이다.,경영·회계·사무,총무·인사,일반사무,0202030112
K000001194,고객상담원,안내·고객상담·통계·비서 및 기타 사무원,하우스매니징,서비스 인력관리란 서비스 인력의 근무일정을 조율하고 복장·용모 및 복리후생을 관리하는 능력이다.,문화·예술·디자인·방송,문화·예술,공연예술,0801031118
K000001194,고객상담원,안내·고객상담·통계·비서 및 기타 사무원,여행상품상담,"여행상품상담 교육 지원이란 상품정보파악, 상품상담 매뉴얼 작성, 상품 상담 교육을 지원하는 능력이다.",이용·숙박·여행·오락·스포츠,관광·레저,여행서비스,1203010211
K000001194,고객상담원,안내·고객상담·통계·비서 및 기타 사무원,식음료접객,"환영 환송은 고객환영과 환송을 위해 개인용모를 갖추어 인사하고, 해당좌석으로 안내하는 능력이다.",음식서비스,식음료조리·서비스,식음료서비스,1301020103
K000007478,비서,안내·고객상담·통계·비서 및 기타 사무원,비서,경영 환경 동향 분석은 비서가 조직의 내ㆍ외부 경영 환경을 파악ㆍ분석하여 상사의 업무가 효율적으로 실행될 수 있게 하는 능력이다.,경영·회계·사무,총무·인사,일반사무,0202030102
K000007478,비서,안내·고객상담·통계·비서 및 기타 사무원,비서,"경영진 일정관리는 상사의 일정을 계획하고 일정에 따른 인적, 물적 자원,시간을 효율적으로 활용할 수 있도록 지원하는 능력이다.",경영·회계·사무,총무·인사,일반사무,0202030103
K000007478,비서,안내·고객상담·통계·비서 및 기타 사무원,비서,경영진 지원업무는 경영진이 본연의 업무에 최대한 전념할 수 있도록 사무환경을 정비하고 경영진의 일상적인 업무를 효율적으로 지원하는 능력이다.,경영·회계·사무,총무·인사,일반사무,0202030101
K000001179,투자분석가,금융·보험 전문가,기업신용분석,"영업위험 분석이란 기업의 시장지위와 경쟁력, 주력제품의 구매·생산, 판매·회수 및                  영업지원부문의 적정성을 분석하는 능력이다.",금융·보험,금융,신용분석,0301030210
K000001179,투자분석가,금융·보험 전문가,개인신용분석,외부정보 신용등급 사후관리란 신용등급의 사후관리를 위해 고객의 외부정보를 활용하여 여신심사 과정에 반영하고 대출고객의 부실화 가능성 및발생 원인을 파악하여 외부 부실징후에 대한 대처방안을 수립하는 능력이다.,금융·보험,금융,신용분석,0301030110
K000001179,투자분석가,금융·보험 전문가,개인신용분석,부실징후 분석이란  여신사후관리지침에 따라 대출고객의 부실화 가능성을 선제적으로 판단하고 부실발생 고객의 발생원인을 파악하여 대출고객의 부실화에 따른 대처방안을 수립하는 능력이다.,금융·보험,금융,신용분석,0301030112
K000001215,신용분석사,금융·보험 전문가,개인신용분석,외부정보 신용등급 사후관리란 신용등급의 사후관리를 위해 고객의 외부정보를 활용하여 여신심사 과정에 반영하고 대출고객의 부실화 가능성 및발생 원인을 파악하여 외부 부실징후에 대한 대처방안을 수립하는 능력이다.,금융·보험,금융,신용분석,0301030110
K000001215,신용분석사,금융·보험 전문가,여신심사,문제여신발견이란 제공된 여신의 손실을 최소화하기 위하여 신용 분석하고 재산조사하여 부실징후를 예측할 수 있는 능력이다.,금융·보험,금융,신용분석,0301030311
K000001215,신용분석사,금융·보험 전문가,개인신용분석,부실징후 분석이란  여신사후관리지침에 따라 대출고객의 부실화 가능성을 선제적으로 판단하고 부실발생 고객의 발생원인을 파악하여 대출고객의 부실화에 따른 대처방안을 수립하는 능력이다.,금융·보험,금융,신용분석,0301030112
K000006723,보험계리사,금융·보험 전문가,보험계리,"계약자배당관리란 유배당보험에 있어 계약자에게 적정한 이익배당을 실행하기 위하여 계약자 배당정책 수립, 계약자 배당금 계산, 계약자 배당준비금 관리를 하는 능력이다.",금융·보험,보험,보험상품개발,0302010308
K000006723,보험계리사,금융·보험 전문가,보험계리,"회사가치 평가란 이해관계자에게 기업가치에 대한 정보를 제공하기 위하여 가치평가모형 구축, 내재가치(EV, Embedded Value)평가, 내재가치(EV)관리를 하는 능력이다.",금융·보험,보험,보험상품개발,0302010305
K000006723,보험계리사,금융·보험 전문가,보험상품개발,"상품 모니터링이란 판매성향 분석과 상품 모니터링을 통해 개발전략과 취지에 부합하는지를 확인하여 상품개발 전략을 보완, 개선 할 수 있는 능력이다.",금융·보험,보험,보험상품개발,0302010208
K000007561,손해사정사,금융·보험 전문가,신체손해사정,"합의금 산출요소 파악이란 피해자에 대한 합의금을 산출하기 위해 피해자의 과실, 피해자의 소득, 피해자의 노동능력상실률을 확인하는 능력이다.",금융·보험,보험,손해사정,0302030315
K000007561,손해사정사,금융·보험 전문가,차량손해사정,"특수차량 손해액 산정은 특수차량에 대한 공정한 손해액 산정을 위하여사고와 손상과의 인과관계 확인, 차량시가 확인, 기타 손해액을 산정하는능력이다.",금융·보험,보험,손해사정,0302030213
K000007561,손해사정사,금융·보험 전문가,차량손해사정,"기타 피해물 손해액 산정은 기타 피해물의 공정한 손해액 산정을 위하여사고와 손상과의 인과관계 확인, 차량시가 확인, 기타 손해액을 산정하는능력이다.",금융·보험,보험,손해사정,0302030214
K000001131,출납 창구 사무원,금융·보험 사무원,직무분석,직무분석 결과 활용이란 직무분석 기술이 완료된 후 해당 결과를 인사관리에 활용하는 능력이다.,교육·자연·사회과학,직업교육,직업교육,0403010312
K000001131,출납 창구 사무원,금융·보험 사무원,기업교육,정부지원사업·제도 활용이란 정부정책의 일환으로 시행되고 있는 각종HRD관련 예산 지원 사업 또는 제도를 활용하여 교육과정 및 교육 인프라의 효율적인 운용을 수행하는 능력이다.,교육·자연·사회과학,직업교육,직업교육,0403010213
K000001131,출납 창구 사무원,금융·보험 사무원,경력지도,"경력개발제도 수립이란 사업과 조직 환경의 변화에 대응하여 미래의 사업요구를 충족시킬 수 있는 인적자원을 공급하기 위하여 산업전망을 분석하고 인적자원계획을 수립하여, 조직에 적합한 인적자원 경력개발 시스템과경력개발 지원시스템을 구축하는 능력이다.",교육·자연·사회과학,직업교육,직업교육,0403010118
K000000949,인문과학 연구원,인문·사회과학 연구원,편집,"출판물 이용 관리란 출판물을 만들 때 이용하는 저작물에 대한 저작권 사용료와 서지정보를 관리하고, 발행된 출판물을  홍보하기 위한 안내 자료를 작성하며, 발행된 출판물을 국내에서 2차적으로 이용하거나 해외에 수출할 수 있도록 관리하는 능력이다.",인쇄·목재·가구·공예,인쇄·출판,출판,2201010308
K000000949,인문과학 연구원,인문·사회과학 연구원,편집,"편집 레이아웃 작업이란 원고의 특성과 가독성을 고려하여 편집 기획에부합하는 출판물의 체재와 판면을 구성하고, 그에 따라 수집·가공한 편집 자료(텍스트, 이미지 자료)를 바탕으로 원고를 배치하고 제작 사양을 결정하는 능력이다.",인쇄·목재·가구·공예,인쇄·출판,출판,2201010305
K000000949,인문과학 연구원,인문·사회과학 연구원,산학협력관리,산학협력 사업기획이란 산학과 관련된 사업 정보 수집과 사업 정보 분석과정을 거쳐 산학 사업 계획을 수립하는 능력이다.,사업관리,사업관리,프로젝트관리,0101010301
K000008522,사회과학 연구원,인문·사회과학 연구원,직무분석,"직무분석 운영기획이란 실제 직무분석 작업을 수행하기 위해 예산을 수립하고 참여자를 확정하며, 진행계획을 수립하는 능력이다.",교육·자연·사회과학,직업교육,직업교육,0403010303
K000008522,사회과학 연구원,인문·사회과학 연구원,직무분석,"직무분석 실행이란 직무체계 내에서 해당 직무를 정의하고 직무모형을 작성하며, 직무분석 실행결과에 대한 의견을 수렴하는 능력이다.",교육·자연·사회과학,직업교육,직업교육,0403010306
K000008522,사회과학 연구원,인문·사회과학 연구원,직무분석,"직무분석 결과관리란 직무분석이 완료된 후 해당 내용을 관련부서에 공지하고, 결과를 유지·관리하며 직무분석 결과가 활용될 수 있도록 정보를제공하는 능력이다.",교육·자연·사회과학,직업교육,직업교육,0403010311
K000000825,자연과학 시험원,자연과학 연구원 및 시험원,화학제품연구개발,"포뮬레이션 랩 분석 실험이란 포뮬레이션 랩 실험 시료의 물리·화학적특성을 분석하기 위하여 정해진 시료 분석실험 계획 및 방법에 따라  분석항목과 분석방법을 파악하고, 분석실험을 준비한 다음, 분석실험을 수행하는 능력이다.",화학·바이오,화학·바이오공통,화학제품연구개발,1701030126
K000000825,자연과학 시험원,자연과학 연구원 및 시험원,화학제품연구개발,"가공 랩 분석 실험이란 가공 랩 실험 시료의 물리·화학적 특성을 분석하기 위하여 정해진 시료 분석실험 계획 및 방법에 따라  분석항목과 분석방법을 파악하고, 분석실험을 준비한 다음, 분석실험을 수행하는 능력이다.",화학·바이오,화학·바이오공통,화학제품연구개발,1701030130
K000008521,자연과학 연구원,자연과학 연구원 및 시험원,제과,"과자류제품 반죽익힘이란 정형을 거친 반죽을 작업지시서에 따라 굽기, 튀기기, 찌기 과정을 통해 익히는 능력이다.",식품가공,제과·제빵·떡제조,제과·제빵·떡제조,2102010104
K000008521,자연과학 연구원,자연과학 연구원 및 시험원,제빵,빵류제품 반죽익힘이란 제품의 특성에 맞게 적합한 온도와 시간으로 익힘을 하는 능력이다.,식품가공,제과·제빵·떡제조,제과·제빵·떡제조,2102010205
K000008521,자연과학 연구원,자연과학 연구원 및 시험원,보험계약심사,"환경적 인수위험평가란 피보험자의 환경적 위험을 정확하게 평가하기 위하여 환경적 심사정보 수집, 환경적 심사위험 평가, 환경적 가입조건 결정을 하는 능력이다.",금융·보험,보험,보험영업·계약,0302020203
K000000852,생명과학 시험원,생명과학 연구원 및 시험원,축산식품저장,"도축이란 축산물위생관리법상 가축을 운송, 계류, 도축, 검사, 계량, 냉각,평가과정을 거쳐 저장하는 능력이다.",식품가공,식품가공,식품저장,2101020301
K000000852,생명과학 시험원,생명과학 연구원 및 시험원,축산식품가공,"식육 추출 가공품 제조란 원ㆍ부재료 준비를 한 후 추출, 균질, 여과, 농축, 충전, 살균 과정을 거쳐 검사 및 포장을 하는 능력이다.",식품가공,식품가공,식품가공,2101010309
K000000852,생명과학 시험원,생명과학 연구원 및 시험원,곡류·서류·견과류가공,"호화미분 제조란 식품의 제조·가공에 필요한 소재로 사용하기 위하여 용도별로 원료인 쌀과 부재료의 준비, 조분쇄, 가수, 압출, 분쇄하여 검사, 포장하는 능력이다.",식품가공,식품가공,식품가공,2101010802
K000001140,생명과학 연구원,생명과학 연구원 및 시험원,축산식품가공,"식육 추출 가공품 제조란 원ㆍ부재료 준비를 한 후 추출, 균질, 여과, 농축, 충전, 살균 과정을 거쳐 검사 및 포장을 하는 능력이다.",식품가공,식품가공,식품가공,2101010309
K000001140,생명과학 연구원,생명과학 연구원 및 시험원,스포츠에이전트,선수생활·자산관리 지원이란 선수의 정신적·신체적 컨디션을 관리하고선수의 자산 관리를 도울 수 있는 능력이다.,이용·숙박·여행·오락·스포츠,스포츠,스포츠마케팅,1204040309
K000001140,생명과학 연구원,생명과학 연구원 및 시험원,보험계약심사,"환경적 인수위험평가란 피보험자의 환경적 위험을 정확하게 평가하기 위하여 환경적 심사정보 수집, 환경적 심사위험 평가, 환경적 가입조건 결정을 하는 능력이다.",금융·보험,보험,보험영업·계약,0302020203
K000000900,통신망운영기술자,컴퓨터하드웨어·통신공학 기술자,지능형전력망설비,"xEMS구축이란 소비자와 전력공급자간 양방향 커뮤니케이션 기반의 전력통합관리를 위해 HEMS, BEMS, FEMS를 구축하는 능력이다.",전기·전자,전기,지능형전력망설비,1901040109
K000000900,통신망운영기술자,컴퓨터하드웨어·통신공학 기술자,전기철도설계·감리,"철도 전력설비 설계란 전기철도 운영 및 유지보수에 필요한 전력설비 시설에 요구되는 요소들을 분석하여 전력공급계통, 배전방식 및 공급전압 등을 결정하는 능력이다.",전기·전자,전기,전기철도,1901090105
K000000900,통신망운영기술자,컴퓨터하드웨어·통신공학 기술자,내선공사,피난설비공사란 소방대상물의 화재발생시 피난 및 대피를 위한 유도등설비 및 무선통신보조설비를 시공하는 능력이다.,전기·전자,전기,전기공사,1901070132
K000000936,통신기술개발자 ,컴퓨터하드웨어·통신공학 기술자,해양에너지생산,해양에너지 발전 전력 송배전이란 생산된 전기를 계통에 연계하기 위하여송배전 계통을 설계하고 송배전 시설을 제작하며 설치하는 능력이다.,환경·에너지·안전,에너지·자원,재생에너지,2305050509
K000000936,통신기술개발자 ,컴퓨터하드웨어·통신공학 기술자,전기저장장치개발,"전력변환장치(PCS) 제작은 전기저장장치에서 전력변환장치가 갖추어야 할사양과 기능에 따라 전기회로, 전력변환회로, 기구물, 펌웨어가 결합 된 전력변환장치(PCS) 최종 완제품을 제작하는 능력이다.",전기·전자,전기,전기저장장치,1901120106
K000000936,통신기술개발자 ,컴퓨터하드웨어·통신공학 기술자,자동제어기기제작,이 능력단위는 통합시스템과 외부와의 연결을 위하여 통신 네트워크를 구성하고 통합 프로토콜을 제작하는 능력이다.,전기·전자,전기,전기자동제어,1901080218
K000001042,모바일앱개발자,소프트웨어 개발자,스마트문화앱콘텐츠유통·서비스,"스마트문화앱콘텐츠 소셜 미디어 활용이란 유통·서비스의 비즈니스를 효과적으로 지원하기 위하여 소셜 미디어 활용전략을 수립하고, 소셜 미디어에 등록할 콘텐츠를 제작하여 커뮤니케이션을 실행하고, 그 성과를 측정하는 능력이다.",문화·예술·디자인·방송,문화콘텐츠,문화콘텐츠유통·서비스,0803030906
K000001042,모바일앱개발자,소프트웨어 개발자,스마트문화앱콘텐츠제작,"스마트문화앱 개발환경 구축이란 작성된 문화콘텐츠 기획안을 바탕으로앱 개발 계획을 위한 개발 플랫폼, 앱 개발 방법론을 선정하고 앱 개발 계획을 수립하는 능력이다.",문화·예술·디자인·방송,문화콘텐츠,문화콘텐츠제작,0803020904
K000001042,모바일앱개발자,소프트웨어 개발자,게임콘텐츠유통·서비스,게임 콘텐츠 등록이란 서비스 플랫폼이나 서비스대상 연령별 등급분류 절차를 분석하여 최종적으로 게임을 게임관리 기관에 등록할 수 있도록 하는 능력이다.,문화·예술·디자인·방송,문화콘텐츠,문화콘텐츠유통·서비스,0803030504
K000001172,웹기획자,소프트웨어 개발자,디지털비즈니스지원서비스,"디지털비지니스지원서비스 플랫폼 구성이란 디지털 비지니스 플랫폼을 신속하게 서비스하기 위한 전산장비 서비스, 업무 프로그램 서비스, 특정 프로그램 서비스, 플랫폼 서비스를 구성하는 능력이다.",정보통신,통신기술,통신서비스,2002031803
K000001172,웹기획자,소프트웨어 개발자,이러닝콘텐츠개발,"프로그래밍 통합개발이란 개발된 그래픽요소, 동영상요소, 애니메이션요소를 하나의 콘텐츠로 구현하기 위해 연결하는 능력이다.",교육·자연·사회과학,직업교육,이러닝,0403020217
K000001172,웹기획자,소프트웨어 개발자,애니메이션콘텐츠제작,"스토리보드 제작이란 애니메이션 콘텐츠 제작을 위한 사전 시각화 단계로, 기획된 시나리오와 설정된 디자인을 기반으로 하여 작품의 전반을 연출하는 능력이다.",문화·예술·디자인·방송,문화콘텐츠,문화콘텐츠제작,0803020616
K000001176,응용소프트웨어개발자,소프트웨어 개발자,응용SW엔지니어링,"응용SW 기초 기술 활용이란 응용소프트웨어 개발을 위하여 네트워크, 미들웨어, 데이터베이스의 기초 기술을 적용하는 능력이다.",정보통신,정보기술,정보기술개발,2001020232
K000001176,응용소프트웨어개발자,소프트웨어 개발자,직무분석,직무분석 결과 활용이란 직무분석 기술이 완료된 후 해당 결과를 인사관리에 활용하는 능력이다.,교육·자연·사회과학,직업교육,직업교육,0403010312
K000001176,응용소프트웨어개발자,소프트웨어 개발자,영상정보처리,지능형영상관제 업무 관리란 지능형 영상 관제 업무에 적용되는 관계법령을 바탕으로 영상관제 업무에 대한 정보를 관리하고 이해관계자 교육을 수행하는 능력이다.,정보통신,정보기술,정보보호,2001060510
K000007452,가상현실전문가,소프트웨어 개발자,이러닝시스템개발,"학습 시스템 아키텍처 설계란 학습 시스템 구현을 위해 시스템의 개발에필요한 시스템 소프트웨어 아키텍처, 인프라 아키텍처를 설계하는 능력이다.",교육·자연·사회과학,직업교육,이러닝,0403020114
K000007452,가상현실전문가,소프트웨어 개발자,VR콘텐츠디자인,가상현실 환경분석이란 현실세계와 가상현실의 차이점을 인지하여 실감미디어 디바이스에 맞는 기술 및 사용성을 분석하는 능력이다.,문화·예술·디자인·방송,디자인,디자인,0802011201
K000007452,가상현실전문가,소프트웨어 개발자,이러닝시스템개발,"학습 시스템 단위프로그램 개발이란 학습 시스템의 설계 내용에 따라 단위프로그램 코딩, 단위기능 평가를 포함한 시스템을 개발하는 능력이다.",교육·자연·사회과학,직업교육,이러닝,0403020116
K000007580,게임프로그래머,소프트웨어 개발자,전자제품설치·정비,"전자제품 설치 지원환경구축이란 고객에게 제공되는 서비스 수준을 높이기 위하여 서비스망을 구축하고, 서비스 제공에 필요한 매뉴얼 작성 및 고객 데이터베이스를 구축하는 능력이다",전기·전자,전자기기일반,전자제품고객지원,1902030114
K000007580,게임프로그래머,소프트웨어 개발자,이러닝시스템개발,"학습 시스템 아키텍처 설계란 학습 시스템 구현을 위해 시스템의 개발에필요한 시스템 소프트웨어 아키텍처, 인프라 아키텍처를 설계하는 능력이다.",교육·자연·사회과학,직업교육,이러닝,0403020114
K000007580,게임프로그래머,소프트웨어 개발자,이러닝시스템개발,"학습 시스템 단위프로그램 개발이란 학습 시스템의 설계 내용에 따라 단위프로그램 코딩, 단위기능 평가를 포함한 시스템을 개발하는 능력이다.",교육·자연·사회과학,직업교육,이러닝,0403020116
K000000832,정보 보안 전문가,네트워크 시스템 개발자 및 정보보안 전문가,부동산·동산감정평가,토지 현장조사란 감정평가를 수행하기 위하여 현장에서 토지의 물적동일성을  검토하고 평가를 위한 부대자료 수집과 가격조사활동을 수행하는능력이다.,영업판매,부동산,감정평가,1002040111
K000000832,정보 보안 전문가,네트워크 시스템 개발자 및 정보보안 전문가,광물자원개발·생산,노천채광이란 광상조사를 통해 지표부근에 부존이 확인된 광체를 대상으로 표토를 제거하여 지표면에 채광작업장을 조성하여 광석을 채굴하는 능력이다.,환경·에너지·안전,에너지·자원,광물·석유자원개발·생산,2305020103
K000000832,정보 보안 전문가,네트워크 시스템 개발자 및 정보보안 전문가,무선초고속인터넷서비스,"무선초고속인터넷 서비스 보호는 내ㆍ외부의 위협으로부터 정보자산을 보호하기 위하여 관리체계를 수립하고 운영할 수 있는 서비스취약점진단,정보보호관리 계획수립, 인프라 보안관리, 무선보안관리, 운용 콘텐츠 보안관리, 개인정보 보호, 서비스 보안인증을 수행하는 능력이다.",정보통신,통신기술,통신서비스,2002030908
K000001132,정보 시스템 운영자,정보시스템 및 웹 운영자,영상정보처리,지능형영상관제 업무 관리란 지능형 영상 관제 업무에 적용되는 관계법령을 바탕으로 영상관제 업무에 대한 정보를 관리하고 이해관계자 교육을 수행하는 능력이다.,정보통신,정보기술,정보보호,2001060510
K000001132,정보 시스템 운영자,정보시스템 및 웹 운영자,응용SW엔지니어링,"정보시스템 이행이란 개발자 환경에서 개발한 결과물을 운영 환경에 설치하고, 사용자 요구사항과 최종적으로 일치하는지에 대해 승인을 얻어 응용소프트웨어 결과물을 사용자에게 전달하여 인계하고 시스템을 운영할수 있도록 교육하고 지원하는 능력이다.",정보통신,정보기술,정보기술개발,2001020208
K000001132,정보 시스템 운영자,정보시스템 및 웹 운영자,이러닝시스템개발,"학습 시스템 단위프로그램 개발이란 학습 시스템의 설계 내용에 따라 단위프로그램 코딩, 단위기능 평가를 포함한 시스템을 개발하는 능력이다.",교육·자연·사회과학,직업교육,이러닝,0403020116
K000001041,방송송출장비기사,통신·방송송출 장비 기사,전송시스템구축,정보통신 법규 적용이란 통신시스템을 효율적으로 설계·구축·운용하기 위한 관련 법령을 숙지하여 현장에서 기준에 맞게 적용하는 능력이다.,정보통신,통신기술,무선통신구축,2002020211
K000001041,방송송출장비기사,통신·방송송출 장비 기사,케이블방송,"방송시스템기획_SO란 방송시스템을 구축하기 위하여 국내외 방송시장 동향 분석, 기술전략수립, 방송관련 기술규제 검토, 투자 타당성 검토를 수행하는 능력이다",정보통신,방송기술,방송플랫폼기술,2003020412
K000001041,방송송출장비기사,통신·방송송출 장비 기사,방송시스템운영,방송시스템 요구분석이란  방송시스템 설계 시 운용자의 운용편리성과 효율성을 고려하고 현재기술만 아니라 향후 방송 환경변화를 반영하여 시스템 설계 관련 자료를 수집하는 능력이다.,정보통신,방송기술,방송서비스,2003030211
K000001074,통신장비기사,통신·방송송출 장비 기사,지상파TV방송,"UHDTV 방송기술이란 UHDTV 방송에 필요한 제반 사항과 관련 기술을 파악하고, 프로그램의 제작, 송출, 송신 및 응용·부가 서비스에 대한 워크플로우를 설계하고 이를 운용할 수 있는 능력이다.",정보통신,방송기술,방송플랫폼기술,2003020211
K000001074,통신장비기사,통신·방송송출 장비 기사,전송시스템구축,정보통신 법규 적용이란 통신시스템을 효율적으로 설계·구축·운용하기 위한 관련 법령을 숙지하여 현장에서 기준에 맞게 적용하는 능력이다.,정보통신,통신기술,무선통신구축,2002020211
K000001074,통신장비기사,통신·방송송출 장비 기사,방송시스템운영,방송시스템 요구분석이란  방송시스템 설계 시 운용자의 운용편리성과 효율성을 고려하고 현재기술만 아니라 향후 방송 환경변화를 반영하여 시스템 설계 관련 자료를 수집하는 능력이다.,정보통신,방송기술,방송서비스,2003030211
K000000915,건축감리기술자,건축·토목공학 기술자 및 시험원,풍력에너지생산,"풍력발전시스템 설치란 단지 건설계획을 수립하고 토목, 기계, 전기 공사를 수행 및 감리하고 기기를 운반, 설치하는 능력이다.",환경·에너지·안전,에너지·자원,재생에너지,2305050624
K000000915,건축감리기술자,건축·토목공학 기술자 및 시험원,상하수도시공,"상하수도 시공검사는 시공된 상하수도 관로 및 시설의 이상 유무를 확인하고, 그에 따른 결과보고서를 작성할 수 있으며, 이상부분에 대해 적절한보수, 보강 대책을 수립할 수 있는 능력이다.",건설,토목,토목시공,1402020716
K000000915,건축감리기술자,건축·토목공학 기술자 및 시험원,철도선로시설물유지보수,"교량 및 터널보수란 점검보고서 및 현장조사 결과를 분석하여 보수 계획을 수립하고, 보수ㆍ보강 방법(공법)에 따라 설계용역 또는 직접 설계 여부를 판단하여, 선로구조물 (교량)의 손상 또는 변형을 보수하는 능력이다.",운전·운송,철도운전·운송,철도시설유지보수,0902020113
K000000922,건축설비기술자,건축·토목공학 기술자 및 시험원,상하수도시공,"상하수도 준공검사는 시공이 완료된 상하수도시물의 품질, 규격, 수량 등의 적정성과 목적된  기능 및 효율의 달성 여부를 확인하는 능력이다.",건설,토목,토목시공,1402020717
K000000922,건축설비기술자,건축·토목공학 기술자 및 시험원,건축구조설계,"프로젝트 파악이란 발주자 요구사항과 건축물의 용도를 파악하고, 사업성과 계약서 검토를 수행하는 능력이다.",건설,건축,건축설계·감리,1403010201
K000000922,건축설비기술자,건축·토목공학 기술자 및 시험원,철도선로시설물유지보수,기타구조물 보수란 선로구조물(토공 및 기타구조물 등)의 손상 또는 변형을 보수하는 능력이다.,운전·운송,철도운전·운송,철도시설유지보수,0902020114
K000000956,건축구조기술자,건축·토목공학 기술자 및 시험원,상하수도시공,"상하수도 준공검사는 시공이 완료된 상하수도시물의 품질, 규격, 수량 등의 적정성과 목적된  기능 및 효율의 달성 여부를 확인하는 능력이다.",건설,토목,토목시공,1402020717
K000000956,건축구조기술자,건축·토목공학 기술자 및 시험원,건축구조설계,"프로젝트 파악이란 발주자 요구사항과 건축물의 용도를 파악하고, 사업성과 계약서 검토를 수행하는 능력이다.",건설,건축,건축설계·감리,1403010201
K000000956,건축구조기술자,건축·토목공학 기술자 및 시험원,철도선로시설물유지보수,"교량 및 터널보수란 점검보고서 및 현장조사 결과를 분석하여 보수 계획을 수립하고, 보수ㆍ보강 방법(공법)에 따라 설계용역 또는 직접 설계 여부를 판단하여, 선로구조물 (교량)의 손상 또는 변형을 보수하는 능력이다.",운전·운송,철도운전·운송,철도시설유지보수,0902020113
K000000985,조경 기술자,건축·토목공학 기술자 및 시험원,교통운영·감리,교통시스템진단이란 사업목표 달성을 위해 교통시스템에 대한 현황조사및 분석결과를 기초로 문제점을 진단하고 개선되어야할 부분을 찾아내는능력이다.,건설,도시·교통,교통계획·설계,1406020312
K000000985,조경 기술자,건축·토목공학 기술자 및 시험원,생태복원,"생태시설물 설치란 생태시설물 설계도서를 바탕으로 대상지에 보전시설,관찰시설, 체험시설, 전시·연구시설, 편의시설, 관리시설을 설치하는 능력이다.",환경·에너지·안전,자연환경,생태복원·관리,2303010116
K000000985,조경 기술자,건축·토목공학 기술자 및 시험원,생태복원,"생태시설물 설계란 생태시설물 계획안을 바탕으로 보전시설, 관찰시설, 체험시설, 전시·연구시설, 편의시설, 관리시설 등 복원사업 대상지에서 실제사업이 가능하도록 도서화하는 능력이다.",환경·에너지·안전,자연환경,생태복원·관리,2303010115
K000000992,토목구조설계기술자,건축·토목공학 기술자 및 시험원,상하수도설계,"상하수도 사업계획 수립이란 상·하수도 시설을 계획할 때 요구되는 기술수준, 시설의 규모, 기준에 의거한 적정위치와 형식을 결정하는 능력이다.",건설,토목,토목설계·감리,1402010601
K000000992,토목구조설계기술자,건축·토목공학 기술자 및 시험원,하천(댐)설계,"하천(댐)설계 수문분석이란 수문자료를 조사·구축하고 강우자료를 이용한강우분석, 수위-유량 자료를 이용한 유황분석 등을 수행하며, 도달시간, 저류상수 등의 유역특성인자를 분석하여 유출량을 산정하는 능력이다.",건설,토목,토목설계·감리,1402010703
K000000992,토목구조설계기술자,건축·토목공학 기술자 및 시험원,철도설계,철도 시스템 인터페이스설계란 철도토목구조물과 궤도/차량/건축/전력/전차선/신호/통신 상호간에 미치는 영향을 검토하고 분석하여 설계하는 능력이다.,건설,토목,토목설계·감리,1402011005
K000001067,토목감리기술자,건축·토목공학 기술자 및 시험원,산림개발,"산림토목 감리준비란 토목감리를 시행하기 위한 준비 단계로 산림토목 감리계획서 작성, 산림토목 착공서류 검토, 산림토목설계도서 검토를 수행하는 능력이다.",농림어업,임업,산림관리,2403020114
K000001067,토목감리기술자,건축·토목공학 기술자 및 시험원,상하수도설계,"상하수도 사업계획 수립이란 상·하수도 시설을 계획할 때 요구되는 기술수준, 시설의 규모, 기준에 의거한 적정위치와 형식을 결정하는 능력이다.",건설,토목,토목설계·감리,1402010601
K000001067,토목감리기술자,건축·토목공학 기술자 및 시험원,플랜트기계설비시공,플랜트기계설비 품질관리란 공급되는 시공의 기능과 성능이 설계 목적에적합하도록  수행하는 능력이다.,건설,플랜트,플랜트시공,1404020104
K000001177,건설자재시험원,건축·토목공학 기술자 및 시험원,건설공사판넬시공,"판넬시공 계획 수립이란 공정, 자원, 품질, 현장여건 등을 파악하여 판넬공사 착수를 위한 전체적인 계획을 수립할 수 있는 능력이다.",건설,건축,건축시공,1403021502
K000001177,건설자재시험원,건축·토목공학 기술자 및 시험원,상하수도시공,"상하수도 시공검사는 시공된 상하수도 관로 및 시설의 이상 유무를 확인하고, 그에 따른 결과보고서를 작성할 수 있으며, 이상부분에 대해 적절한보수, 보강 대책을 수립할 수 있는 능력이다.",건설,토목,토목시공,1402020716
K000001177,건설자재시험원,건축·토목공학 기술자 및 시험원,철도선로시설물유지보수,기타구조물 보수란 선로구조물(토공 및 기타구조물 등)의 손상 또는 변형을 보수하는 능력이다.,운전·운송,철도운전·운송,철도시설유지보수,0902020114
K000000870,플랜트기계공학기술자,기계·로봇공학 기술자 및 시험원,해양플랜트기계설계,"해양플랜트 기계설계 피드 검증은 피드(Front End Engineering Design, FEED) 결과물이 발주처 및 제작사의 요구가 반영되었는지 검증 및 확정하기 위한 능력이다.",건설,해양자원,해양플랜트설계·설치·운용,1408030901
K000000870,플랜트기계공학기술자,기계·로봇공학 기술자 및 시험원,자동제어시스템설계,"자동화 기본계획서 작성이란 각종 산업설비와 빌딩의 신축과 증축시 산업용 컴퓨터를 사용하여 생산, 제조, 검사, 출하 등 공장전체에 대한 생산성향상, 품질관리, 에너지절감, 유통출하, 운전유지보수, 시설관리 등 운영과관리를 자동화하기 위한 자동화 시스템 제어기기에 대하여 기본계획을 수립하는 능력이다.",전기·전자,전기,전기자동제어,1901080103
K000000870,플랜트기계공학기술자,기계·로봇공학 기술자 및 시험원,해양플랜트안전설계,"해양플랜트 작업환경(WE; Working Environment) 설계 평가란 작업자가 안전하고 쾌적하게 업무 및 생활을 할 수 있도록 설계단계에서 공사 요구사항을 파악하고, 그 내용을 반영하기 위한 수행 계획 수립, 사양서 작성 및평가 결과를 설계에 반영하는 능력이다.",건설,해양자원,해양플랜트설계·설치·운용,1408030608
K000001185,자동차공학기술자,기계·로봇공학 기술자 및 시험원,단조·압출·인발,단조 성형 품질유지보수란 단조성형 설비 및 금형을 파악하고 작업조건을 설정하여 단조성형 작업을 수행후 품질을 유지보수하는 능력이다.,재료,금속재료,금속가공,1601030216
K000001185,자동차공학기술자,기계·로봇공학 기술자 및 시험원,단조·압출·인발,인발성형 품질유지보수란 인발성형 설비 및 금형을 파악하고 작업조건을 설정하여 인발성형 품질유지보수를 수행하는 능력이다.,재료,금속재료,금속가공,1601030220
K000001185,자동차공학기술자,기계·로봇공학 기술자 및 시험원,열간압연,"열간압연 공정설계란 고객의 요구조건에 맞는 금속 열간압연 제품을 생산하기 위하여 제품의 종류 및 물성을 결정하고 투입소재, 압연 단위 및 제조공정을 설계하는 능력이다.",재료,금속재료,금속재료제조,1601020301
K000000876,전기감리기술자,전기·전자공학 기술자 및 시험원,플랜트전기설비시공,"플랜트전기설비 공사관리는 계획된 공사가 원활히 진행되도록 노무, 예산,공정과 기자재 구매 등 공사를 전반적으로 관리하는 능력이다.",건설,플랜트,플랜트시공,1404020202
K000000876,전기감리기술자,전기·전자공학 기술자 및 시험원,전기철도설계·감리,"전기철도 공사준공검사란 설계도서 및 관련 규정에 따라 적정한 시공이 되었는지 확인하고, 발주자가 요구한 공사 목적물이 향후 정상적인 운영이 가능한지를 최종검사하고 확인하는 능력이다.",전기·전자,전기,전기철도,1901090111
K000000876,전기감리기술자,전기·전자공학 기술자 및 시험원,내선공사,피난설비공사란 소방대상물의 화재발생시 피난 및 대피를 위한 유도등설비 및 무선통신보조설비를 시공하는 능력이다.,전기·전자,전기,전기공사,1901070132
K000001202,"전기계측제어기술자(전기패널, 계장, 공정자동화전기 등)",전기·전자공학 기술자 및 시험원,해양플랜트계장설계,"해양플랜트 계장장비 구매사양서 작성이란, 프로젝트 요구사항에 만족하는 해양플랜트 계장 장비가 필요 시점에 입고될 수 있도록 사양서를 검토하여 견적요청서와 기술평가서, 구매사양서를 작성하는 능력이다.",건설,해양자원,해양플랜트설계·설치·운용,1408031007
K000001202,"전기계측제어기술자(전기패널, 계장, 공정자동화전기 등)",전기·전자공학 기술자 및 시험원,해양플랜트계장설계,"해양플랜트 계장설계 절점(설계 계획) 수립이란, 계장설계의 도면, 자재, 공사 시수를 효율적으로 관리하여 설계 기간 내에 발주처가 요구하는 설계품질을 확보할 수 있도록 계획을 수립하는 능력이다.",건설,해양자원,해양플랜트설계·설치·운용,1408031002
K000001202,"전기계측제어기술자(전기패널, 계장, 공정자동화전기 등)",전기·전자공학 기술자 및 시험원,해양플랜트계장설계,"해양플랜트 계장 장비 배치도 작성이란, 해양플랜트 계장 장비의 설치 및운전, 유지보수 등이 용이한 최적의 위치를 선정하여 배치도를 작성하는능력이다.",건설,해양자원,해양플랜트설계·설치·운용,1408031008
K000007491,전기안전기술자,전기·전자공학 기술자 및 시험원,전기저장장치설치,"전기저장장치 설비공사란 전기저장장치를 현장에 시공하기 위하여 전기설비, 정보통신설비, 소방설비를 시공하는 능력이다.",전기·전자,전기,전기저장장치,1901120205
K000007491,전기안전기술자,전기·전자공학 기술자 및 시험원,수력발전설비운영,"수력발전설비 점검이란 발전설비의 정상운전과 고장예방을 위하여 법정검사, 정기점검, 특별점검, 댐·수로설비 점검 등을 수행하는 능력이다.",전기·전자,전기,발전설비운영,1901020105
K000007491,전기안전기술자,전기·전자공학 기술자 및 시험원,기계안전관리,기계안전점검이란 산업현장에서 기계를 사용하면서 발생할 수 있는 안전사고를 방지하기 위해 안전점검계획을 수립하고 안전점검표에 따라 안전점검을 실행하며 안전점검 내용을 평가하는 능력이다.,환경·에너지·안전,산업안전보건,산업안전관리,2306010123
K000000934,화학공학 시험원,화학공학 기술자 및 시험원,식품가공연구개발,"제품응용연구란 선행 기술분석을 통해 차별화된 소재 및 완제품에 관한기술 트렌드를 분석하고, 기초 연구와 응용연구를 수행하는 능력이다.",식품가공,식품가공,식품가공,2101011013
K000000934,화학공학 시험원,화학공학 기술자 및 시험원,도금,도금 환경법규 검토는 관련 법규에 따라 친환경적인 도금제품을 생산 운용하는 능력이다.,재료,금속재료,표면처리,1601040125
K000000934,화학공학 시험원,화학공학 기술자 및 시험원,산업환경보건,"취급물질 안전관리란 안전한 산업환경 확보를 위하여 취급물질에 대한 보건자료 작성, 사용경로 추적, 위험등급과 공정안전을 평가할 수 있는 능력이다.",환경·에너지·안전,환경보건,환경보건관리,2302010113
K000000887,수질환경기술자,에너지·환경공학 기술자 및 시험원,제과,"과자류제품 반죽익힘이란 정형을 거친 반죽을 작업지시서에 따라 굽기, 튀기기, 찌기 과정을 통해 익히는 능력이다.",식품가공,제과·제빵·떡제조,제과·제빵·떡제조,2102010104
K000000887,수질환경기술자,에너지·환경공학 기술자 및 시험원,환경관리,민원업무 수행이란 민원인이 요구하는 환경 관련 사항에 대하여 원인을파악하고 해결방안을 강구하여 재발을 방지하는 능력이다.,환경·에너지·안전,환경서비스,환경경영,2304010308
K000000887,수질환경기술자,에너지·환경공학 기술자 및 시험원,제과,"과자류제품 생산작업준비란 제품 생산 시작 전에 개인위생, 작업장 환경, 기기·도구에 대한 점검과 제품 생산에 필요한 재료를 계량하는 능력이다.",식품가공,제과·제빵·떡제조,제과·제빵·떡제조,2102010112
K000000938,대기환경기술자,에너지·환경공학 기술자 및 시험원,제과,"과자류제품 반죽익힘이란 정형을 거친 반죽을 작업지시서에 따라 굽기, 튀기기, 찌기 과정을 통해 익히는 능력이다.",식품가공,제과·제빵·떡제조,제과·제빵·떡제조,2102010104
K000000938,대기환경기술자,에너지·환경공학 기술자 및 시험원,환경관리,민원업무 수행이란 민원인이 요구하는 환경 관련 사항에 대하여 원인을파악하고 해결방안을 강구하여 재발을 방지하는 능력이다.,환경·에너지·안전,환경서비스,환경경영,2304010308
K000000938,대기환경기술자,에너지·환경공학 기술자 및 시험원,제과,"과자류제품 생산작업준비란 제품 생산 시작 전에 개인위생, 작업장 환경, 기기·도구에 대한 점검과 제품 생산에 필요한 재료를 계량하는 능력이다.",식품가공,제과·제빵·떡제조,제과·제빵·떡제조,2102010112
K000001097,환경공학 시험원,에너지·환경공학 기술자 및 시험원,제과,"과자류제품 반죽익힘이란 정형을 거친 반죽을 작업지시서에 따라 굽기, 튀기기, 찌기 과정을 통해 익히는 능력이다.",식품가공,제과·제빵·떡제조,제과·제빵·떡제조,2102010104
K000001097,환경공학 시험원,에너지·환경공학 기술자 및 시험원,제빵,"빵류제품 생산작업준비란 제품 생산 시작 전에 개인위생, 작업장 환경, 기기·도구에 대한 점검과 제품 생산에 필요한 재료를 계량하는 능력이다.",식품가공,제과·제빵·떡제조,제과·제빵·떡제조,2102010213
K000001097,환경공학 시험원,에너지·환경공학 기술자 및 시험원,제과,"과자류제품 생산작업준비란 제품 생산 시작 전에 개인위생, 작업장 환경, 기기·도구에 대한 점검과 제품 생산에 필요한 재료를 계량하는 능력이다.",식품가공,제과·제빵·떡제조,제과·제빵·떡제조,2102010112
K000007554,폐기물처리기술자,에너지·환경공학 기술자 및 시험원,대기환경관리,미세먼지 관리란 다양한 환경에서 발생하는 미세먼지 문제해결을 위해 발생원을 파악하고 측정분석을 수행하여 미세먼지에 대한 영향을 최소화시키는 능력이다.,환경·에너지·안전,산업환경,대기관리,2301020110
K000007554,폐기물처리기술자,에너지·환경공학 기술자 및 시험원,해양오염관리·방제,해양유류폐기물관리란 해양에서 발생된 폐기물을 수거하여 보관ㆍ관리하고 성상별로 분류하여 최종 처리할 수 있는 능력이다.,건설,해양자원,해양환경관리,1408020308
K000007554,폐기물처리기술자,에너지·환경공학 기술자 및 시험원,풍력에너지생산,풍력발전시스템 구성요소 생산이란 구성 요소 설계에 맞는 요소 기기를제작하는 능력이다.,환경·에너지·안전,에너지·자원,재생에너지,2305050617
K000007582,환경영향평가원,에너지·환경공학 기술자 및 시험원,바이오진단제품개발·서비스,"미생물 병원체 핵산 분석이란 미생물 병원체가 감염된 분석시료의 추출,증폭·검출을 통해 미생물 병원체의 핵산을 분석하는 능력이다.",화학·바이오,바이오,바이오의약,1705010324
K000007582,환경영향평가원,에너지·환경공학 기술자 및 시험원,버섯재배,버섯 종균 관리란 버섯재배에 적합한 종균을 생산하기 위해 버섯 품목에알맞은 적정 종균을 제조하고 배양하는 능력이다.,농림어업,농업,작물재배,2401010612
K000007582,환경영향평가원,에너지·환경공학 기술자 및 시험원,임산물생산,약용류 수확 가공이란 약효 성분을 함유하고 있는 관목성 식물을 대상으로 수확과 가공 관리를 수행하는 능력이다.,농림어업,임업,임산물생산·가공,2403030137
K000007545,비파괴검사원,소방·방재·산업안전·비파괴 기술자,선체품질관리,비파괴검사(Non-Destructive Test)란 선체 용접구조물에 대해 승인된 비파괴검사계획서(NDT Plan)에 따라 비파괴검사(표면 검사 및 체적검사)를 통하여건전성을 평가하는 능력이다.,기계,조선,선박품질관리,1508040107
K000007545,비파괴검사원,소방·방재·산업안전·비파괴 기술자,원자력발전설비운영,"기계설비 정비란 원자력발전소에 설치된 기계설비의 기능과 안전성을 확보하기 위하여 예방점검, 정기·주기점검, 고장정비 등을 수행하는 능력이다.",전기·전자,전기,발전설비운영,1901020303
K000007545,비파괴검사원,소방·방재·산업안전·비파괴 기술자,보험계약심사,"환경적 인수위험평가란 피보험자의 환경적 위험을 정확하게 평가하기 위하여 환경적 심사정보 수집, 환경적 심사위험 평가, 환경적 가입조건 결정을 하는 능력이다.",금융·보험,보험,보험영업·계약,0302020203
K000000906,대학 교수,대학 교수 및 강사,청소년상담복지,위기상황확인이란 위험에 노출된 청소년에게 적합한 개입을 위해 위기상황을 파악하고 청소년의 위기 유형 분석 및 위기 상황 정보를 수집하는 능력이다.,사회복지·종교,상담,청소년지도,0702020222
K000000906,대학 교수,대학 교수 및 강사,청소년상담복지,생활기술교육은 위기청소년 자신의 삶을 영위해 나갈 수 있는 기초생활능력을 습득할 수 있도록 교육하고 지원하는 능력이다.,사회복지·종교,상담,청소년지도,0702020226
K000000906,대학 교수,대학 교수 및 강사,경영평가,"경영평가관련 정보수집은 정보수집의 방법을 정하여 평가대상에 대한 정보와, 유사평가 대상의 기 평가자료 등을 수집하고, 수집된 정보를 분류하고 공유하는 능력이다.",경영·회계·사무,기획사무,경영기획,0201010202
K000001220,대학 강사,대학 교수 및 강사,문화재보존,"무형 문화유산 보존이란 공연예술, 전통기술, 구전전통을 보존하는 능력이다.",문화·예술·디자인·방송,문화·예술,문화재관리,0801040310
K000001220,대학 강사,대학 교수 및 강사,항공교통관제,"경보대응이란 수색, 구조가 필요한 항공기에 관한 사항을 구조조정센터관계부서에 통보하고, 필요에 따라 협조하는 능력이다.",운전·운송,항공운전·운송,항공운항,0904020107
K000001220,대학 강사,대학 교수 및 강사,경량항공기조종,"경량항공기 항공안전보안 관리란 경량항공기의 안전한 비행을 위하여 항공기 운용매뉴얼, 항공기 정비매뉴얼, 항공안전, 승무원자원을 관리하고 확인하는 능력이다.",운전·운송,항공운전·운송,항공기조종운송,0904010110
K000001113,특수교육 교사,학교 교사,지역사회복지개발,지역사회 문제 발굴이란 사회문제를 설정하고 파악하여 대안을 제시하고지역사회 참여행동을 계획하는 능력이다.,사회복지·종교,사회복지,사회복지정책,0701010103
K000001113,특수교육 교사,학교 교사,청소년상담복지,생활기술교육은 위기청소년 자신의 삶을 영위해 나갈 수 있는 기초생활능력을 습득할 수 있도록 교육하고 지원하는 능력이다.,사회복지·종교,상담,청소년지도,0702020226
K000001113,특수교육 교사,학교 교사,공공복지,대상자 발굴조사란 주민복지욕구를 파악하여 복지대상자를 발굴하는 능력이다.,사회복지·종교,사회복지,사회복지정책,0701010305
K000007558,초등학교교사,학교 교사,청소년상담복지,"상담준비란 내담자와 상담자가 편안하게 상담을 진행할 수 있도록 상담환경 준비, 스케쥴 관리, 오리엔테이션 실시를 할 수 있는 능력이다.",사회복지·종교,상담,청소년지도,0702020217
K000007558,초등학교교사,학교 교사,실용음악,발성 트레이닝이란 실용음악의 노래 곡을 가창하는데 있어서 기본이 되는호흡과 발성 기술을 훈련하는 일이다.,문화·예술·디자인·방송,문화·예술,실용예술,0801020121
K000007558,초등학교교사,학교 교사,실용음악,솔로 보컬이란 실용음악의 노래 곡을 다양한 장르와 스타일에 맞게 보컬테크닉을 응용하여 가창하는 일이다.,문화·예술·디자인·방송,문화·예술,실용예술,0801020117
K000007530,유치원교사,유치원 교사,보육,"어린이집 행정관리란 보육시설에 의한 직접적 서비스 제공에 있어 부수적인 활동을 지원하거나 촉진하는 과정으로 보육통합정보시스템 이용, 인사,회계를 관리하는 능력이다.",사회복지·종교,보육,보육,0703010134
K000007530,유치원교사,유치원 교사,보육,보육과정 및 운영 평가란 영유아에게 안전하고 질 높은 보육을 제공하기위해서 평가지표를 기준으로 평가를 통해 어린이집 수준을 점검하고 개선하는 능력이다.,사회복지·종교,보육,보육,0703010129
K000007530,유치원교사,유치원 교사,보육,"생활지도란 영유아가 바람직한 기본생활습관의 기초를 형성하고, 긍정적으로 생각하고 행동하는 사회적 유능감을 갖도록 지도하는 능력이다.",사회복지·종교,보육,보육,0703010118
K000000837,외국어 강사,문리·기술·예능 강사,이러닝과정(process)운영,이러닝운영 교강사지원이란 교강사를 선정하고 사전교육을 실시한 후 교강사가 수행해야 할 활동을 안내하고 독려하며 교강사의 각종 활동사항에대한 개선사항을 관리할 수 있는 능력이다.,교육·자연·사회과학,직업교육,이러닝,0403020304
K000000837,외국어 강사,문리·기술·예능 강사,정보기술컨설팅,"정보기술 컨설팅 수행 관리는 최적의 경영전략 및 정보기술 컨설팅 목표달성을 위하여 일정계획 수립, 정보시스템 현황파악, 정보기술자문, 상담,지도, 보고, 전달 및 기록 유지하는 능력이다.",정보통신,정보기술,정보기술전략·계획,2001010209
K000007539,컴퓨터강사,문리·기술·예능 강사,증강현실(AR)콘텐츠제작,"증강현실 3D 그래픽 제작이란 현실세계에서 구현하고자하는 가상그래픽을 사용자가 체험할 수 있도록 3D 그래픽 디자인, 제작, 검증하는 능력이다.",정보통신,통신기술,실감형콘텐츠제작,2002040305
K000007539,컴퓨터강사,문리·기술·예능 강사,VR콘텐츠디자인,"가상현실 프로그래밍이란 가상현실의 객체, 배경, 이벤트 등 전반적인 콘텐츠를 설계, 프로그래밍하고 외부 API와 네트워크, 데이터 연동 및 멀티플랫폼으로  확장하여 가상현실콘텐츠를 구현하는 능력이다.",문화·예술·디자인·방송,디자인,디자인,0802011206
K000007539,컴퓨터강사,문리·기술·예능 강사,게임콘텐츠제작,게임 클라이언트 프로그래밍이란 설정된 게임 세계의 배경 위에서 서로상호작용하는 캐릭터와 오브젝트들의 규칙과 이벤트를 구현하는 능력이다.,문화·예술·디자인·방송,문화콘텐츠,문화콘텐츠제작,0803020542
K000000849,보조교사,장학관 및 기타 교육 종사자,보육,"어린이집 행정관리란 보육시설에 의한 직접적 서비스 제공에 있어 부수적인 활동을 지원하거나 촉진하는 과정으로 보육통합정보시스템 이용, 인사,회계를 관리하는 능력이다.",사회복지·종교,보육,보육,0703010134
K000000849,보조교사,장학관 및 기타 교육 종사자,보육,보육실습 지도란 보육실습 지도 지침을 토대로 보육실습 지도계획을 수립하고 보육실습을 지도하는 능력이다.,사회복지·종교,보육,보육,0703010135
K000000849,보조교사,장학관 및 기타 교육 종사자,보육,"가정과의 협력이란 영유아의 바람직한 성장과 발달을 위해 보호자와의 상담, 교육, 참여지원을 통해 가정과 연계하고 협력하는 능력이다.",사회복지·종교,보육,보육,0703010132
K000007470,변리사,법률 전문가,특허엔지니어링,"심사절차 대응 검토란 특허청으로부터 발행되는 거절이유에 대한 전문가의 분석 보고서를 검토한 후 거절이유에 대한 대응방안을 수립하며, 전문가에 의해 작성된 의견서 및 보정서를 검토하는 능력이다.",법률·경찰·소방·교도·국방,법률,지식재산관리,0501020409
K000007470,변리사,법률 전문가,지식재산관리,"지식재산 분쟁 방어이란 지식재산의 침해 주장에 대하여 침해 경고장 분석, 대응 전략 수립, 분쟁 방어 서류를 작성하는 능력이다.",법률·경찰·소방·교도·국방,법률,지식재산관리,0501020107
K000007470,변리사,법률 전문가,특허엔지니어링,출원서류 검토란 개발된 기술을 특허권으로 보호받기 위해 작성된 명세서의 형식을 검토하는 능력이다.,법률·경찰·소방·교도·국방,법률,지식재산관리,0501020405
K000007482,변호사,법률 전문가,문화·예술행정,법률 지원이란 문화예술경영에 관련된 법률을 해석하고 문화예술행정에서요구되는 업무에 적용하는 능력이다.,문화·예술·디자인·방송,문화·예술,문화예술경영,0801010209
K000007482,변호사,법률 전문가,신체손해사정,"소송처리란 소제기 확인, 소송 진행사항 관리, 보험금 회수 및 지급 등의업무를 수행하는 능력이다.",금융·보험,보험,손해사정,0302030308
K000007482,변호사,법률 전문가,차량손해사정,"구상처리란 구상처리 여부를 판단하고, 채권 보전을 통해 구상권을 행사또는 소송 업무를 관리하는 능력이다.",금융·보험,보험,손해사정,0302030208
K000007527,판사,법률 전문가,신체손해사정,구상처리란 구상처리여부를 판단하고 채권 보전을 통해 구상권을 행사하는 능력이다.,금융·보험,보험,손해사정,0302030309
K000007527,판사,법률 전문가,보안,"경비관련법규 현장적용은 경비원 및 경비업무관련자가 경비직무를 수행하는데 기초가 되는 경비업법과 청원경찰법, 형사법, 기타 경비관련법규를현장상황에 맞게 교육하고, 그 현장 이행사항을 지도·감독하는 능력이다.",경비·청소,경비,경비·경호,1101010112
K000007527,판사,법률 전문가,채권추심,강제집행 능력이란 강제집행의 대상이 되는 채무관계자의 재산에 대하여압류 환가하여 채권만족을 시키고 만일 부족채권 발생 시 다른 채무자 등의 다른 재산에 대하여 추가조치를 할 수 있는 능력이다.,금융·보험,금융,금융영업지원,0301050210
K000000857,사회복지사,사회복지사 및 상담사,사회복지면담,사회복지면담 초기면접은 사회복지사가 클라이언트의 문제와 욕구를 파악하기 위해 참여를 유도하고 신뢰관계를 형성하는 능력이다.,사회복지·종교,사회복지,사회복지서비스,0701020301
K000000857,사회복지사,사회복지사 및 상담사,사회복지면담,사회복지면담 슈퍼비전은 사회복지 실천현장에서 면담자의 활동을 평가하고 전문적인 능력과 자질을 향상하도록 지지하며 정보를 제공하는 능력이다.,사회복지·종교,사회복지,사회복지서비스,0701020308
K000000857,사회복지사,사회복지사 및 상담사,사회복지프로그램운영,사회복지프로그램 종결이란 프로그램 종결을 준비하여 진행하고 종결 후이용자를 관리할 수 있는 능력이다.,사회복지·종교,사회복지,사회복지서비스,0701020107
K000001049,심리상담전문가,사회복지사 및 상담사,청소년상담복지,위기지원이란 위험에 노출된 청소년에게 즉시 개입하여 일차적 위기상황을 해결하고 지속적인 상담 및 사후관리 등의 서비스를 제공함으로써 2차 위험에 노출되는 것을 예방하는 능력이다.,사회복지·종교,상담,청소년지도,0702020223
K000001049,심리상담전문가,사회복지사 및 상담사,PR,"사회공헌활동은 전략적으로 조직 이미지를 제고하기 위하여 조직의 사회적 책임 활동계획 수립, 실행체계 구축, 프로그램 실행, 활동 평가를 하는능력이다.",경영·회계·사무,기획사무,홍보·광고,0201020107
K000001049,심리상담전문가,사회복지사 및 상담사,심리상담,"수련상담자 교육이란 상담자의 성장과 전문성 확보를 위하여 상담자 교육분석, 상담자 윤리교육, 심리상담 훈련을 실시하는 능력이다.",사회복지·종교,상담,심리상담,0702030112
K000007526,청소년지도사,사회복지사 및 상담사,청소년활동,"청소년프로그램 실행이란 청소년지도자 교육을 실시하고 참가자를 모집하여, 프로그램을 진행할 수 있는 환경을 조성하고 실행하는 능력이다.",사회복지·종교,상담,청소년지도,0702020137
K000007526,청소년지도사,사회복지사 및 상담사,청소년활동,"청소년수련활동 인증 및 신고란 국가청소년활동인증 및 신고 매뉴얼에 따라서 인증프로그램을 기획하고 실시할 수 있으며, 관련법령에 의거하여청소년수련활동 신고제를 이해하고 운영할 수 있어 각종 청소년수련활동에 참여하는 청소년의 안전을 보장할 수 있는 능력이다.",사회복지·종교,상담,청소년지도,0702020143
K000007526,청소년지도사,사회복지사 및 상담사,청소년활동,"청소년 동아리활동 운영이란 청소년 동아리 활동사업계획을 수립하여 청소년지도인력을 교육하고 청소년 동아리를 모집하며, 청소년동아리 활동을 지원하고 평가하는 능력이다.",사회복지·종교,상담,청소년지도,0702020145
K000007565,직업상담사,사회복지사 및 상담사,취업알선,"구직자 초기상담이란 구직자의 구직의사와 구직목적을 확인하여 구직신청을 접수하고, 구직자의 직무 특성을 파악할 수 있도록 기본적인 상담을 진행하는 능력이다.",사회복지·종교,상담,직업상담서비스,0702010214
K000007565,직업상담사,사회복지사 및 상담사,취업알선,구직기술 상담준비란 구직자가 취업에 필요한 서류 작성 및 면접 등에 대한 기술을 향상할 수 있도록 사전에 필요한 자료를 검토할 수 있는 능력이다.,사회복지·종교,상담,직업상담서비스,0702010218
K000007565,직업상담사,사회복지사 및 상담사,전직지원,전직행정이란 전직지원 사업 운영에 필요한 문서 및 사무ㆍ시설 ․ 전산망 등의 일반 행정업무 및 관리를 수행하는 능력이다.,사회복지·종교,상담,직업상담서비스,0702010342
K000007502,보육교사,보육교사 및 기타 사회복지 종사자,보육,"어린이집 행정관리란 보육시설에 의한 직접적 서비스 제공에 있어 부수적인 활동을 지원하거나 촉진하는 과정으로 보육통합정보시스템 이용, 인사,회계를 관리하는 능력이다.",사회복지·종교,보육,보육,0703010134
K000007502,보육교사,보육교사 및 기타 사회복지 종사자,보육,보육과정 및 운영 평가란 영유아에게 안전하고 질 높은 보육을 제공하기위해서 평가지표를 기준으로 평가를 통해 어린이집 수준을 점검하고 개선하는 능력이다.,사회복지·종교,보육,보육,0703010129
K000007502,보육교사,보육교사 및 기타 사회복지 종사자,보육,"가정과의 협력이란 영유아의 바람직한 성장과 발달을 위해 보호자와의 상담, 교육, 참여지원을 통해 가정과 연계하고 협력하는 능력이다.",사회복지·종교,보육,보육,0703010132
K000007541,생활지도원,보육교사 및 기타 사회복지 종사자,일상생활기능지원,"건강지원이란 위생지원, 약복용, 의료기관이용, 재활운동보조를 통해 대상자의 건강을 유지하고 향상시키는 능력이다.",사회복지·종교,사회복지,사회복지서비스,0701020205
K000007541,생활지도원,보육교사 및 기타 사회복지 종사자,청소년활동,청소년생활지도란 생활지도가 필요한 청소년에 대해 관련 사례를 바탕으로 생활지도 계획을 수립하고 적절한 관리와 개입을 위해 슈퍼비전 및 지원체계를 활용하여 청소년의 삶의 질 향상에 기여하는 능력이다.,사회복지·종교,상담,청소년지도,0702020141
K000007541,생활지도원,보육교사 및 기타 사회복지 종사자,일상생활기능지원,"일상생활 위험관리란 안전교육, 위험예방, 응급상황대처, 감염예방을 통해대상자의 잠재적 위험요소를 해소하는 능력이다.",사회복지·종교,사회복지,사회복지서비스,0701020207
K000007495,소방관,"경찰관, 소방관 및 교도관",소방안전관리,소방안전 교육훈련이란 비상시 대응력을 키우기 위해 교육훈련일정을 수립하여 교육대상자에게 교육훈련과 합동소방훈련을 실시하는 능력이다.,법률·경찰·소방·교도·국방,소방방재,소방,0502010402
K000007495,소방관,"경찰관, 소방관 및 교도관",구조구급,"구급 안전관리는 각종현장의 위험요소로부터 구조․구급대원의 안전사고발생을 예방하고, 질병에 감염된 환자들로부터 대원의 안전을 확보하고,건강을 관리하는 능력이다.",법률·경찰·소방·교도·국방,소방방재,소방,0502010310
K000007495,소방관,"경찰관, 소방관 및 교도관",화재감식평가,발화지점 판정이란 현장의 화재패턴과 관계자의 진술 등을 종합적으로 검토하여 가장 합리적인 최초 발화 지점을 입증할 수 있는 능력이다.,법률·경찰·소방·교도·국방,소방방재,소방,0502010702
K000007521,경찰관,"경찰관, 소방관 및 교도관",경호,경호교육훈련이란 경호원 및 경호업무관련자의 경호직무 수행능력을 향상시키기 위하여 직무능력향상계획을 수립하고 전문성을 개발하도록 훈련하는 능력이다.,경비·청소,경비,경비·경호,1101010203
K000007521,경찰관,"경찰관, 소방관 및 교도관",진로지원,진로개발역량 진단이란 청소년의 특성을 고려하여 진로개발역량을 진단하는 능력이다.,사회복지·종교,상담,청소년지도,0702020302
K000007521,경찰관,"경찰관, 소방관 및 교도관",보안,"경비관련법규 현장적용은 경비원 및 경비업무관련자가 경비직무를 수행하는데 기초가 되는 경비업법과 청원경찰법, 형사법, 기타 경비관련법규를현장상황에 맞게 교육하고, 그 현장 이행사항을 지도·감독하는 능력이다.",경비·청소,경비,경비·경호,1101010112
K000007540,해양경찰관,"경찰관, 소방관 및 교도관",비상기획,"민방위관리란 전시ㆍ사변 또는 이에 준하는 비상사태와 국가적 재난으로부터 소속 기관 또는 업체의 재산과 구성원의 생명을 보호하기 위하여 민방위계획 수립, 자원 관리, 훈련을 실시, 평가하는 능력이다.",경영·회계·사무,총무·인사,총무,0202010306
K000007540,해양경찰관,"경찰관, 소방관 및 교도관",보험계약심사,"환경적 인수위험평가란 피보험자의 환경적 위험을 정확하게 평가하기 위하여 환경적 심사정보 수집, 환경적 심사위험 평가, 환경적 가입조건 결정을 하는 능력이다.",금융·보험,보험,보험영업·계약,0302020203
K000007570,교도관,"경찰관, 소방관 및 교도관",디지털포렌식,증거 제출이란 분석 절차와 결과를 문서화하고 의뢰자에게 제출한 후 법정이나 해당기관에서 증언하는 능력이다.,정보통신,정보기술,정보보호,2001060807
K000007570,교도관,"경찰관, 소방관 및 교도관",도자공예,이장주입성형은 석고제형 사용형에 액체상태의 이장을 부어서 기물을 만드는 능력이다.,인쇄·목재·가구·공예,공예,공예,2202010214
K000007570,교도관,"경찰관, 소방관 및 교도관",석공예,"석재 부조 소조는 동물과 식물, 인체를 부조로 표현할 수 있는 능력이다.",인쇄·목재·가구·공예,공예,공예,2202010329
K000007508,부사관,군인,경호,경호교육훈련이란 경호원 및 경호업무관련자의 경호직무 수행능력을 향상시키기 위하여 직무능력향상계획을 수립하고 전문성을 개발하도록 훈련하는 능력이다.,경비·청소,경비,경비·경호,1101010203
K000007508,부사관,군인,진로지원,진로체험활동 실시란 대면/비대면 운영형태에 따라 진로체험활동을 구성하고 운영지도자교육을 통해 진로체험활동을 실행하고 평가·활용하는 능력이다.,사회복지·종교,상담,청소년지도,0702020306
K000007508,부사관,군인,경호,"경호운용지원이란 본 활동인 경호업무 수행에 필요한 인력 및 조직관리,행정처리, 법무행정, 경호업무와 관련한 고객요구사항처리 등과 같은 지원활동을 수행하는 능력이다.",경비·청소,경비,경비·경호,1101010212
K000001133,전문의사,"의사, 한의사 및 치과의사",지역사회위생관리,"감염병 예방관리란 지역사회에서 호흡기계 감염, 소화기계 감염, 피부점막감염, 매개곤충 감염, 기생충의 감염 발생을 예방하고 전파를 방지하는 능력이다.",보건·의료,보건,보건지원,0601020509
K000001133,전문의사,"의사, 한의사 및 치과의사",경량항공기조종,"경량항공기 항공안전보안 관리란 경량항공기의 안전한 비행을 위하여 항공기 운용매뉴얼, 항공기 정비매뉴얼, 항공안전, 승무원자원을 관리하고 확인하는 능력이다.",운전·운송,항공운전·운송,항공기조종운송,0904010110
K000001133,전문의사,"의사, 한의사 및 치과의사",근로자작업환경관리,"유해요인 관리란 근로자의 건강보호를 위하여 작업장에서 발생되는 물리적, 화학적, 생물학적 유해인자들의 노출을 최소화하기 위한 관리 능력이다.",환경·에너지·안전,산업안전보건,산업보건관리,2306020207
K000007472,치과의사,"의사, 한의사 및 치과의사",아이돌봄,"신체돌봄이란 일반적 발달 단계와 개인차를 고려하여 청결하고 안전하게배변관리와 목욕시키기를 수행하고, 아이의 성장발달 단계와 목적에 따라아이 달래기와 영양관리를 실시하며, 아이가 즐겁게 놀이활동을 하도록돕는 능력이다.",사회복지·종교,보육,보육,0703010305
K000007472,치과의사,"의사, 한의사 및 치과의사",보건교육,"보건교육 인프라 구축이란 보건교육의 환경조성, 협력자 연계, 자원봉사자조직을 관리하는 능력이다.",보건·의료,보건,보건지원,0601020307
K000007472,치과의사,"의사, 한의사 및 치과의사",해외취업관리,해외구인처 발굴이란 해외취업을 희망하는 구직자에게 검증된 구인처를제공하기 위한 발굴전략을 수립하고 수행하는 능력이다.,사업관리,사업관리,해외관리,0101020203
K000007504,일반의사,"의사, 한의사 및 치과의사",보건교육,"보건교육기획이란 보건교육 주제, 목적을 설정하고, 자원 활용 계획을 통하여 보건교육 수행과정 설계 및 평가 방법을 계획하는 능력이다.",보건·의료,보건,보건지원,0601020302
K000007504,일반의사,"의사, 한의사 및 치과의사",보건교육,"보건교육 인프라 구축이란 보건교육의 환경조성, 협력자 연계, 자원봉사자조직을 관리하는 능력이다.",보건·의료,보건,보건지원,0601020307
K000007504,일반의사,"의사, 한의사 및 치과의사",보건교육,"보건교육 평가란 보건교육 평가방법을 선정, 평가지표를 개발, 평가 및 평가결과를 피드백 하는 능력이다.",보건·의료,보건,보건지원,0601020309
K000007542,한의사,"의사, 한의사 및 치과의사",보건교육,"보건교육 인프라 구축이란 보건교육의 환경조성, 협력자 연계, 자원봉사자조직을 관리하는 능력이다.",보건·의료,보건,보건지원,0601020307
K000007542,한의사,"의사, 한의사 및 치과의사",의료기기관리,"임상기술지원이란 임상에 필요한 의료기기의 요구사항분석, 연구개발지원,임상시험지원, 기술정보지원, 임상기술지원결과서작성 등을 의료기기임상시험센터와 공동으로 수행하는 지원능력이다.",보건·의료,보건,의료기술지원,0601010106
K000007542,한의사,"의사, 한의사 및 치과의사",진로지원,진로체험활동 실시란 대면/비대면 운영형태에 따라 진로체험활동을 구성하고 운영지도자교육을 통해 진로체험활동을 실행하고 평가·활용하는 능력이다.,사회복지·종교,상담,청소년지도,0702020306
K000001011,수의사,수의사,가금사육,"가금 질병치료란 진단을 통하여 발생한 질병에 대하여 적절한 치료를 시행하며, 질병의 피해정도를 고려하여 도태나 치료여부를 결정하는 능력이다.",농림어업,축산,사육관리,2402020314
K000001011,수의사,수의사,가금사육,"가금 질병진단이란 가금에게 발생 가능한 질병을 예찰하고, 수의사의 도움을 받아 각종 질병을 진단하는 능력이다.",농림어업,축산,사육관리,2402020313
K000001011,수의사,수의사,동물용의약품제조,동물용의약품 유효성안전성 평가 설계란 기획된 제품의 인허가를 위해 효능시험과 독성시험을 설계하는 능력이다.,농림어업,축산,축산자원개발,2402010311
K000000993,약사,약사 및 한약사,바이오의약품개발,"임상 평가란 사람을 대상으로 바이오의약품의 안전성과 유효성을 확인하기 위해 임상시험 계획서 작성, 임상시험용 의약품 관리, 임상시험 결과서평가 등을 수행하는 능력이다.",화학·바이오,바이오,바이오의약,1705010214
K000000993,약사,약사 및 한약사,동물용의약품제조,동물용의약품 유효성안전성 평가 설계란 기획된 제품의 인허가를 위해 효능시험과 독성시험을 설계하는 능력이다.,농림어업,축산,축산자원개발,2402010311
K000000993,약사,약사 및 한약사,병원행정,병원구매관리란 병원운영과 진료에 필요한 물자를 구입하고 관리할 수 있는 능력이다.,보건·의료,보건,보건지원,0601020104
K000007474,한약사,약사 및 한약사,수의서비스,"처방 처치란 동물의 질병진단 결과를 바탕으로 회복에 필요한 처방을 내리고, 필요한 약품을 투약하며, 사후관리를 실시하는 능력이다.",농림어업,축산,축산자원개발,2402010402
K000007474,한약사,약사 및 한약사,중식조리,중식 수프 · 탕조리는 중식 육수에 육류와 해산물류 · 채소류와 양념류를 넣어 수프와 탕의 특성에 따라 조리할 수 있는 능력이다.,음식서비스,식음료조리·서비스,음식조리,1301010306
K000007474,한약사,약사 및 한약사,건강기능식품제조가공,"정제 제조란 원료 입고ㆍ검사를 한 후 칭량, 혼합, 과립, 건조, 타정, 탈분,코팅, 선별과정을 거쳐 포장ㆍ검사를 하는 능력이다.",식품가공,식품가공,식품가공,2101010519
K000007494,간호사,간호사,요양지원,"물품전달이란 원활한 전달 관련 업무를 위해 검체물 전달, 소독물 전달,부소독물전달, 약물전달, 서류 전달 등을 수행하는 능력이다.",보건·의료,보건,의료기술지원,0601010802
K000007494,간호사,간호사,의료시설위생관리,감염인자관리란 의료종사자나 의료시설이용자에게 잠복하고 있지 않았거나 없었던 감염을 일으킬 수 있는 유해인자에 관해 위생관리를 하는 능력이다.,보건·의료,보건,보건지원,0601020401
K000007494,간호사,간호사,의료시설위생관리,의료시설 환경위생교육이란 의료종사자와 의료시설이용자를 교육하여 환경위생위해요소를 최소화하는 예방법을 실천할 수 있도록 하는 능력이다.,보건·의료,보건,보건지원,0601020403
K000001144,영양사,영양사,의료시설위생관리,"의료시설 식품위생관리란 보건의료업에서 사용하는 식품, 식품첨가물, 기구 또는 용기ㆍ포장을 대상으로 하는 음식 등에 관한 위생관리를 하는 능력이다.",보건·의료,보건,보건지원,0601020408
K000001144,영양사,영양사,보육,영양지도란 영유아가 건강하게 지내기 위하여 영유아의 발달단계 특성을토대로 급간식 계획을 수립하고 올바른 식습관을 지도하여 건강하게 생활할 수 있도록 지원하는 능력이다.,사회복지·종교,보육,보육,0703010127
K000001144,영양사,영양사,의료시설위생관리,의료시설 환경위생교육이란 의료종사자와 의료시설이용자를 교육하여 환경위생위해요소를 최소화하는 예방법을 실천할 수 있도록 하는 능력이다.,보건·의료,보건,보건지원,0601020403
K000000830,치과위생사,의료기사·치료사·재활사,요양지원,"신체청결지원이란 대상자의 위생적인 생활을 위하여 목욕 돕기, 신체부분청결 돕기, 구강청결 돕기 등을 수행하는 능력이다.",보건·의료,보건,의료기술지원,0601010805
K000000830,치과위생사,의료기사·치료사·재활사,보건교육,"보건교육 인프라 구축이란 보건교육의 환경조성, 협력자 연계, 자원봉사자조직을 관리하는 능력이다.",보건·의료,보건,보건지원,0601020307
K000000830,치과위생사,의료기사·치료사·재활사,병원행정,병원경영평가란 병원경영의 실태 등을 조사해 결손부분을 배재하고 적정화대책을 세울 수 있는 능력이다.,보건·의료,보건,보건지원,0601020107
K000001017,방사선사,의료기사·치료사·재활사,방사선측정평가,"치료방사선 측정이란, 방사선 치료와 방사선계측 원리를 이해하고, 치료방사선의 출력선량을 평가하는 능력이다.",환경·에너지·안전,산업안전보건,산업안전관리,2306010605
K000001017,방사선사,의료기사·치료사·재활사,방사선측정평가,교정 및 시험이란 교정·시험의 목적에 따라 방사선 측정 계획을 수립하고 실시하여 교정·시험 성적서를 작성하는 능력이다.,환경·에너지·안전,산업안전보건,산업안전관리,2306010611
K000001017,방사선사,의료기사·치료사·재활사,근로자작업환경관리,"유해요인 관리란 근로자의 건강보호를 위하여 작업장에서 발생되는 물리적, 화학적, 생물학적 유해인자들의 노출을 최소화하기 위한 관리 능력이다.",환경·에너지·안전,산업안전보건,산업보건관리,2306020207
K000001088,언어치료사,의료기사·치료사·재활사,청소년상담복지,접수면접이란 상담시작 전 내담자에게 적절한 치료 및 상담자 배정을 위하여 내담자 문제 이해를 위한 정보수집과 평가를 하고 적합한 상담자를 배정하는 능력이다.,사회복지·종교,상담,청소년지도,0702020216
K000001088,언어치료사,의료기사·치료사·재활사,청소년상담복지,생활기술교육은 위기청소년 자신의 삶을 영위해 나갈 수 있는 기초생활능력을 습득할 수 있도록 교육하고 지원하는 능력이다.,사회복지·종교,상담,청소년지도,0702020226
K000001088,언어치료사,의료기사·치료사·재활사,의지보조기제작·관리,"자세보조용구 제작이란 고객의 신체부위를 측정, 본뜨기하여 신체부위를지지, 교정, 예방, 보호하는 자세보조용구를 제작하고 정렬하여 공급, 훈련시키는 능력이다.",보건·의료,보건,의료기술지원,0601010906
K000001186,청능치료사,의료기사·치료사·재활사,의료기기인·허가,보험등재란 국민건강보험법에 따라 해당 의료기기를 치료재료로 등재하여요양급여대상여부 및 건강보험 적용수가를 산정받기 위해 관련법규를 파악하고 등록을 사전 조사하며 등록 신청을 하는 능력이다.,전기·전자,전자기기개발,의료장비제조,1903090209
K000001186,청능치료사,의료기사·치료사·재활사,건강운동관리,근력회복이란 신체 활동에 필요한 근육의 강도 및 지속력을 향상시켜 정상적 범위 및 그 이상을 목적으로 유효한 범위 내에서 복구시킬 수 있는능력이다.,이용·숙박·여행·오락·스포츠,스포츠,스포츠경기·지도,1204030331
K000001186,청능치료사,의료기사·치료사·재활사,청각관리,"청능훈련이란 청각기기 착용 전후 잔존청력을 최대로 활용하여 의사소통능력을 증진하기 위한 청능훈련의 계획, 시행 및 보고서 작성을 수행하는능력이다.",보건·의료,보건,의료기술지원,0601011006
K000001216,예술치료사,의료기사·치료사·재활사,문화·예술기획,문화예술 인력구성이란 기획의도에 따라 작품에 참여할 예술가와 스태프인력을 문화예술 관련 법규를 준수하여 구성하는 능력이다.,문화·예술·디자인·방송,문화·예술,문화예술경영,0801010106
K000001216,예술치료사,의료기사·치료사·재활사,영화콘텐츠제작,"사운드 후반작업이란 촬영과 편집이 끝난 후에 동시녹음 오디오까지 포함하여 영화에서 들리는 모든 대사와, 효과음과, 음악 등의 소리를 제작하고혼합하는 능력이다.",문화·예술·디자인·방송,문화콘텐츠,문화콘텐츠제작,0803020219
K000001216,예술치료사,의료기사·치료사·재활사,문화·예술행정,문화예술 인력 지원이란 예술인 및 예술단체의 자생력 제고를 위해 문화예술분야에서 종사하는 사람들을 육성하고 복지를 지원하는 능력이다.,문화·예술·디자인·방송,문화·예술,문화예술경영,0801010207
K000007501,물리치료사,의료기사·치료사·재활사,일상생활기능지원,"건강지원이란 위생지원, 약복용, 의료기관이용, 재활운동보조를 통해 대상자의 건강을 유지하고 향상시키는 능력이다.",사회복지·종교,사회복지,사회복지서비스,0701020205
K000007501,물리치료사,의료기사·치료사·재활사,말사육,"말 기승운동관리란 말의 생명유지, 건강관리, 행동심리, 심폐기능 강화, 근ㆍ골격계 강화 등을 목적으로 기승운동 관리하기와 기승운동 응용하기를시키는 능력이다.",농림어업,축산,사육관리,2402020517
K000007501,물리치료사,의료기사·치료사·재활사,근로자작업환경관리,근골격계 질환 예방관리란 작업장의 근골격계 부담작업을 예측ㆍ조사ㆍ평가하여 근로자의 근골격계 질환 발생을 예방ㆍ관리하는 능력이다.,환경·에너지·안전,산업안전보건,산업보건관리,2306020208
K000007537,작업치료사,의료기사·치료사·재활사,일상생활기능지원,"건강지원이란 위생지원, 약복용, 의료기관이용, 재활운동보조를 통해 대상자의 건강을 유지하고 향상시키는 능력이다.",사회복지·종교,사회복지,사회복지서비스,0701020205
K000007537,작업치료사,의료기사·치료사·재활사,보육,"발달지원 및 상담이란 발달적으로 어려움이 있는 영유아의 행동 사례를관찰, 분석, 선별하고, 사례별 발달 지원 계획과 지원, 보호자 상담과 전문가를 연계할 수 있는 능력이다.",사회복지·종교,보육,보육,0703010130
K000007537,작업치료사,의료기사·치료사·재활사,근로자작업환경관리,근골격계 질환 예방관리란 작업장의 근골격계 부담작업을 예측ㆍ조사ㆍ평가하여 근로자의 근골격계 질환 발생을 예방ㆍ관리하는 능력이다.,환경·에너지·안전,산업안전보건,산업보건관리,2306020208
K000007544,임상병리사,의료기사·치료사·재활사,지역사회위생관리,"감염병 예방관리란 지역사회에서 호흡기계 감염, 소화기계 감염, 피부점막감염, 매개곤충 감염, 기생충의 감염 발생을 예방하고 전파를 방지하는 능력이다.",보건·의료,보건,보건지원,0601020509
K000007544,임상병리사,의료기사·치료사·재활사,요양지원,"물품전달이란 원활한 전달 관련 업무를 위해 검체물 전달, 소독물 전달,부소독물전달, 약물전달, 서류 전달 등을 수행하는 능력이다.",보건·의료,보건,의료기술지원,0601010802
K000007544,임상병리사,의료기사·치료사·재활사,수의서비스,"수의병성감정은 동물의 병력을 확인하고, 분석에 필요한 가검물을 채취하여 질병 상태를 검사ㆍ분석한 후 결과를 정리하여 통보하는 능력이다.",농림어업,축산,축산자원개발,2402010406
K000007564,놀이치료사,의료기사·치료사·재활사,청소년상담복지,위기지원이란 위험에 노출된 청소년에게 즉시 개입하여 일차적 위기상황을 해결하고 지속적인 상담 및 사후관리 등의 서비스를 제공함으로써 2차 위험에 노출되는 것을 예방하는 능력이다.,사회복지·종교,상담,청소년지도,0702020223
K000007564,놀이치료사,의료기사·치료사·재활사,청소년상담복지,생활기술교육은 위기청소년 자신의 삶을 영위해 나갈 수 있는 기초생활능력을 습득할 수 있도록 교육하고 지원하는 능력이다.,사회복지·종교,상담,청소년지도,0702020226
K000007564,놀이치료사,의료기사·치료사·재활사,공공복지,대상자 발굴조사란 주민복지욕구를 파악하여 복지대상자를 발굴하는 능력이다.,사회복지·종교,사회복지,사회복지정책,0701010305
K000007577,치과기공사,의료기사·치료사·재활사,청소년상담복지,"전화상담이란 대면상담의 어려움이 있거나, 고민에 대한 즉각적인 상담이 필요한 청소년을 대상으로 청소년들이 접근 용이한 매체인 전화를 활용하여 청소년을 상담하는 능력이다.",사회복지·종교,상담,청소년지도,0702020219
K000007577,치과기공사,의료기사·치료사·재활사,병원행정,병원경영평가란 병원경영의 실태 등을 조사해 결손부분을 배재하고 적정화대책을 세울 수 있는 능력이다.,보건·의료,보건,보건지원,0601020107
K000007577,치과기공사,의료기사·치료사·재활사,근로자작업환경관리,"유해요인 관리란 근로자의 건강보호를 위하여 작업장에서 발생되는 물리적, 화학적, 생물학적 유해인자들의 노출을 최소화하기 위한 관리 능력이다.",환경·에너지·안전,산업안전보건,산업보건관리,2306020207
K000007461,응급구조사,보건·의료 종사자,구조구급,"환자이송은 응급환자 발생 신고접수 시 상황실과 구   급대원간의 통신업무, 지도의사와의 의료지도, 교신․이 송시 관련 장비의 활용, 이송병원 선정과 이송수단을  결정하여 수행하는 능력이다.",법률·경찰·소방·교도·국방,소방방재,소방,0502010309
K000007461,응급구조사,보건·의료 종사자,하우스매니징,공연장 위기상황대처관리란 공연장에서의 관객의 안전을 위하여 위기상황별 대처계획 및 안전계획을 수립하고 관계기관 협조체계를 구축하여 비상상황을 관리할 수 있는 능력이다.,문화·예술·디자인·방송,문화·예술,공연예술,0801031112
K000007461,응급구조사,보건·의료 종사자,구조구급,"구급 안전관리는 각종현장의 위험요소로부터 구조․구급대원의 안전사고발생을 예방하고, 질병에 감염된 환자들로부터 대원의 안전을 확보하고,건강을 관리하는 능력이다.",법률·경찰·소방·교도·국방,소방방재,소방,0502010310
K000007492,보건의료정보관리사,보건·의료 종사자,의료정보관리,병원통계 생성·활용이란 의료법 및 기타 관련법령과 기관의 규정이 허용하는 범위 내에서 목적에 따라 병원운영에 필요한 통계자료를 생성하고제공하는 능력이다.,보건·의료,보건,의료기술지원,0601011421
K000007492,보건의료정보관리사,보건·의료 종사자,의료정보관리,"의료정보 DB 관리란 환자에게 제공되는 진료서비스와 관련된 자료를 수집하여, 관련된 DB를 일관성 있게 공통된 의료정보시스템으로 구축하고,구축된 DB를 종류별로 정해진 지침과 절차에 따라 지속적으로 정확하게유지·관리하는 능력이다.",보건·의료,보건,의료기술지원,0601011413
K000007492,보건의료정보관리사,보건·의료 종사자,의료정보관리,"의료정보/의무기록 열람·제공·교류란 의료법 및 기타 관련법령과 기관의 규정이 허용하는 범위와 요청 목적에 따라 사용할 수 있도록 안전한방법으로 관련 정보를 제공하며, 병원과 병원, 환자와 병원 간의 의료서비스를 제공을 받을 수 있도록 지원하는 능력이다.",보건·의료,보건,의료기술지원,0601011420
K000007509,안경사,보건·의료 종사자,병원행정,"병원세무관리란 병원의 경영 및 관리와 관련된 각종 세액을 계산하고, 신고 및 납부업무를 수행할 수 있는 능력이다.",보건·의료,보건,보건지원,0601020120
K000007509,안경사,보건·의료 종사자,요양지원,"물품전달이란 원활한 전달 관련 업무를 위해 검체물 전달, 소독물 전달,부소독물전달, 약물전달, 서류 전달 등을 수행하는 능력이다.",보건·의료,보건,의료기술지원,0601010802
K000007509,안경사,보건·의료 종사자,병원행정,"고객관리란 의료기관을 이용하는 고객인 환자와 관련된 민원을 해결하고,협력병원과 관련된 업무를 처리하고 관리할 수 있는 능력이다.",보건·의료,보건,보건지원,0601020112
K000007547,안마사,보건·의료 종사자,병원행정,"병원세무관리란 병원의 경영 및 관리와 관련된 각종 세액을 계산하고, 신고 및 납부업무를 수행할 수 있는 능력이다.",보건·의료,보건,보건지원,0601020120
K000007547,안마사,보건·의료 종사자,무대기술감독,"공연장 기술환경 점검이란 공연시스템을 공연장 현실에 알맞게 공연장 관계자들과의 합의에 의해 일정, 안전 및 특이사항을 수정, 보완하여 최선의공연진행이 이루어질 수 있도록 최종 점검 및 회의를 진행하고 결정하는능력이다.",문화·예술·디자인·방송,문화·예술,공연예술,0801030705
K000007547,안마사,보건·의료 종사자,보험계약심사,"환경적 인수위험평가란 피보험자의 환경적 위험을 정확하게 평가하기 위하여 환경적 심사정보 수집, 환경적 심사위험 평가, 환경적 가입조건 결정을 하는 능력이다.",금융·보험,보험,보험영업·계약,0302020203
K000007576,간호조무사,보건·의료 종사자,요양지원,"물품전달이란 원활한 전달 관련 업무를 위해 검체물 전달, 소독물 전달,부소독물전달, 약물전달, 서류 전달 등을 수행하는 능력이다.",보건·의료,보건,의료기술지원,0601010802
K000007576,간호조무사,보건·의료 종사자,요양지원,"환자이송지원이란 보행가능환자, 휠체어환자, 운반차 환자 등 다양한 유형의 환자이송 업무를 지원하는 능력이다.",보건·의료,보건,의료기술지원,0601010803
K000007576,간호조무사,보건·의료 종사자,요양지원,"물품세척이란 감염예방 활동을 지원하기 위하여 오염물품 세척, 비 오염물품 세척, 비품청결 유지 등을 수행하는 능력이다.",보건·의료,보건,의료기술지원,0601010806
K000000824,번역가,작가·통번역가,지식재산평가·거래,"지식재산 거래 조건 협상은 기술 수요자와 공급자 간의 원활한 거래가 이루어질 수 있도록 사전 실사와 평가를 수행하고, 협상을 통해 거래 조건을조정하고, 그 결과를 기술 이전 계약서로 작성하는 능력이다.",법률·경찰·소방·교도·국방,법률,지식재산관리,0501020209
K000000824,번역가,작가·통번역가,영화콘텐츠유통·서비스,외국영화 판권 확보란 수익성 높고 관객의 문화적 욕구를 충족시키는 외국영화를 선정하여 유리한 가격협상과 조건협상을 통해 판권 계약을 하는능력이다.,문화·예술·디자인·방송,문화콘텐츠,문화콘텐츠유통·서비스,0803030203
K000000824,번역가,작가·통번역가,가전기기시스템소프트웨어개발,"시스템소프트웨어 개발관리란 해당 가전기기 시스템 소프트웨어에 대한모든 개발이력과 정보를 취합하여 정리하고 버전 관리, 소프트웨어 유지,보수 및 사용설명서 제작, 특허 출원 등의 작업을 수행하는 능력이다.",전기·전자,전자기기개발,가전기기개발,1903010110
K000001051,통역가,작가·통번역가,국내여행안내,환송(sending) 지원이란 탑승수속을 지원하고 출국장 이용정보를 확인하는 능력이다.,이용·숙박·여행·오락·스포츠,관광·레저,여행서비스,1203010312
K000001051,통역가,작가·통번역가,환경설비설계,에너지자원 절감산정이란 고효율기기선정/신재생에너지활용/폐열회수/방류수재이용/바이오가스이용 등의 방법으로 유기성폐기물 처리시설의 운영시 소요되는 에너지/자원 절감을 산정하는 능력이다.,건설,플랜트,플랜트설계·감리,1404010508
K000001051,통역가,작가·통번역가,게임콘텐츠제작,게임 2D 배경제작이란 게임 개발에 활용할 수 있도록 게임 원화 디자인을기반으로 배경을 설계하고 제작하는 능력이다.,문화·예술·디자인·방송,문화콘텐츠,문화콘텐츠제작,0803020539
K000001169,방송작가,작가·통번역가,편집,"편집 레이아웃 작업이란 원고의 특성과 가독성을 고려하여 편집 기획에부합하는 출판물의 체재와 판면을 구성하고, 그에 따라 수집·가공한 편집 자료(텍스트, 이미지 자료)를 바탕으로 원고를 배치하고 제작 사양을 결정하는 능력이다.",인쇄·목재·가구·공예,인쇄·출판,출판,2201010305
K000001169,방송작가,작가·통번역가,방송콘텐츠유통·서비스,방송콘텐츠 라이센스 관리란 다양한 유통망과 서비스를 통해 방송콘텐츠를 적법하게 제공하기 위해 방송콘텐츠의 저작권 또는 저작인접권과 각종라이센스를 체계적으로 관리하는 능력이다.,문화·예술·디자인·방송,문화콘텐츠,문화콘텐츠유통·서비스,0803030103
K000001169,방송작가,작가·통번역가,방송콘텐츠제작,"아이템 선정이란, 방송콘텐츠제작을 사전에 기획하는 단계로서, 자료를 조사하고 아이템 리스트를 작성하여 제작진 회의를 통해 아이템을 확정하는능력이다.",문화·예술·디자인·방송,문화콘텐츠,문화콘텐츠제작,0803020111
K000001198,출판물기획자,작가·통번역가,출판기획,출판 독자 분석이란 출판물의 목표시장에 맞는 핵심독자를 선정하기 위하여 독자를 세분화하고 욕구를 파악하는 능력이다.,인쇄·목재·가구·공예,인쇄·출판,출판,2201010112
K000001198,출판물기획자,작가·통번역가,VR콘텐츠디자인,씬(공간)디자인 후반작업이란 가상현실 시나리오를 분석 및 파악하여 제작된 가상현실 콘텐츠에 필요한 연출과 가상현실 장치에 맞는 커스터마이징을 통해 안정적이며 실감나는 가상현실을 체험할 수 있도록 가상현실 공간과 장치를 동기화하고 물리적 현상을 적용하며 체험공간을 구체화하고연출에 필요한 이미지와 영상을 편집 및 활용하는 능력이다.,문화·예술·디자인·방송,디자인,디자인,0802011207
K000001198,출판물기획자,작가·통번역가,편집,전자출판물 제작이란 출판물을 전자출판물로 생산하기 위하여 전자출판물변환 형식을 결정하고 완성본의 파일 관리와 유통계획을 수립하는 능력이다.,인쇄·목재·가구·공예,인쇄·출판,출판,2201010316
K000007572,소설가,작가·통번역가,사회복지면담,사회복지면담 초기면접은 사회복지사가 클라이언트의 문제와 욕구를 파악하기 위해 참여를 유도하고 신뢰관계를 형성하는 능력이다.,사회복지·종교,사회복지,사회복지서비스,0701020301
K000007572,소설가,작가·통번역가,편집,"편집 레이아웃 작업이란 원고의 특성과 가독성을 고려하여 편집 기획에부합하는 출판물의 체재와 판면을 구성하고, 그에 따라 수집·가공한 편집 자료(텍스트, 이미지 자료)를 바탕으로 원고를 배치하고 제작 사양을 결정하는 능력이다.",인쇄·목재·가구·공예,인쇄·출판,출판,2201010305
K000007572,소설가,작가·통번역가,편집,전자출판물 제작이란 출판물을 전자출판물로 생산하기 위하여 전자출판물변환 형식을 결정하고 완성본의 파일 관리와 유통계획을 수립하는 능력이다.,인쇄·목재·가구·공예,인쇄·출판,출판,2201010316
K000000937,신문기자,기자 및 언론 전문가,만화콘텐츠제작,"만화작품기획이란 만화콘텐츠 제작에 필요한 아이디어를 구상하고 각종자료의 조사, 취재, 고증을 통하여 작품을 설계하는 능력이다.",문화·예술·디자인·방송,문화콘텐츠,문화콘텐츠제작,0803020701
K000000937,신문기자,기자 및 언론 전문가,위험물운송·운반관리,사고대응조치는 사고대응 매뉴얼을 파악하여 위험물 사고에 신속 정확하게 대응하고 보고하며 사고현장을 수습하는 능력이다.,법률·경찰·소방·교도·국방,소방방재,소방,0502010509
K000000937,신문기자,기자 및 언론 전문가,방송콘텐츠제작,"자료조사란 확정된 방송 아이템을 실제 검증하는 단계로, 관련자료 수집하기, 현장답사 하기, 전문가 자문을 받을 수 있는 능력이다.",문화·예술·디자인·방송,문화콘텐츠,문화콘텐츠제작,0803020112
K000000966,잡지기자,기자 및 언론 전문가,증강현실(AR)콘텐츠제작,"증강현실 3D 그래픽 제작이란 현실세계에서 구현하고자하는 가상그래픽을 사용자가 체험할 수 있도록 3D 그래픽 디자인, 제작, 검증하는 능력이다.",정보통신,통신기술,실감형콘텐츠제작,2002040305
K000000966,잡지기자,기자 및 언론 전문가,PR,오프라인 PR은 오프라인 매체를 통해 PR 대상자에게 정보를 전달하기 위하여 매체별 홍보물을 제작하여 알리는 능력이다.,경영·회계·사무,기획사무,홍보·광고,0201020104
K000000966,잡지기자,기자 및 언론 전문가,방송콘텐츠제작,"자료조사란 확정된 방송 아이템을 실제 검증하는 단계로, 관련자료 수집하기, 현장답사 하기, 전문가 자문을 받을 수 있는 능력이다.",문화·예술·디자인·방송,문화콘텐츠,문화콘텐츠제작,0803020112
K000001222,방송기자,기자 및 언론 전문가,PR,오프라인 PR은 오프라인 매체를 통해 PR 대상자에게 정보를 전달하기 위하여 매체별 홍보물을 제작하여 알리는 능력이다.,경영·회계·사무,기획사무,홍보·광고,0201020104
K000001222,방송기자,기자 및 언론 전문가,PR,언론 홍보는 조직이 의도하는 이슈를 언론을 통해 긍정적 이미지를 형성할 수 있도록 알리는 능력이다.,경영·회계·사무,기획사무,홍보·광고,0201020105
K000001222,방송기자,기자 및 언론 전문가,방송콘텐츠제작,"자료조사란 확정된 방송 아이템을 실제 검증하는 단계로, 관련자료 수집하기, 현장답사 하기, 전문가 자문을 받을 수 있는 능력이다.",문화·예술·디자인·방송,문화콘텐츠,문화콘텐츠제작,0803020112
K000007532,사서,학예사·사서·기록물관리사,문헌정보관리,문헌정보 실무 연구수행이란 문헌정보 전문가로서 필요한 연구를 수행하고 활용할 수 있는 능력이다.,문화·예술·디자인·방송,문화·예술,문화예술경영,0801010406
K000007532,사서,학예사·사서·기록물관리사,문헌정보관리,도서관 유관기관 협력이란 도서관 운영의 효율성을 높이기 위하여 도서관정책을 분석하고 유관 기관과 협력할 수 있는 능력이다.,문화·예술·디자인·방송,문화·예술,문화예술경영,0801010417
K000007532,사서,학예사·사서·기록물관리사,문헌정보관리,"이용자 정보 서비스란 이용자를 위한 서비스와 프로그램을 기획하고 운영, 평가할 수 있는 능력이다.",문화·예술·디자인·방송,문화·예술,문화예술경영,0801010403
K000000851,지휘자,"창작·공연 전문가(작가, 연극 제외)",무대음향,음향시스템 조정이란 음향시스템의 성능을 측정하고 최적화하는 능력이다.,문화·예술·디자인·방송,문화·예술,공연예술,0801030405
K000000851,지휘자,"창작·공연 전문가(작가, 연극 제외)",무대감독,공연 진행이란 매회 일정 수준의 질 높은 공연을 유지하기 위해 출연진과스태프를 효율적으로 관리·감독하는 능력이다.,문화·예술·디자인·방송,문화·예술,공연예술,0801030605
K000000851,지휘자,"창작·공연 전문가(작가, 연극 제외)",철도선로시설물유지보수,"궤도보수란 열차를 안전하게 운행할 수 있도록 궤도, 노반, 구조물 등 선로시설물을 유지보수하는 능력이다.",운전·운송,철도운전·운송,철도시설유지보수,0902020104
K000001089,가수,"창작·공연 전문가(작가, 연극 제외)",실용음악,보컬 디렉팅이란 실용음악의 노래 곡을 녹음하는 가수의 가창을 곡의 표현의도에 맞게 지도하고 감독하여 보컬녹음의 완성도를 향상시키는 일이다.,문화·예술·디자인·방송,문화·예술,실용예술,0801020123
K000001089,가수,"창작·공연 전문가(작가, 연극 제외)",실용음악,솔로 보컬이란 실용음악의 노래 곡을 다양한 장르와 스타일에 맞게 보컬테크닉을 응용하여 가창하는 일이다.,문화·예술·디자인·방송,문화·예술,실용예술,0801020117
K000001089,가수,"창작·공연 전문가(작가, 연극 제외)",곡류·서류·견과류가공,"호화미분 제조란 식품의 제조·가공에 필요한 소재로 사용하기 위하여 용도별로 원료인 쌀과 부재료의 준비, 조분쇄, 가수, 압출, 분쇄하여 검사, 포장하는 능력이다.",식품가공,식품가공,식품가공,2101010802
K000001110,국악인,"창작·공연 전문가(작가, 연극 제외)",실용음악,발성 트레이닝이란 실용음악의 노래 곡을 가창하는데 있어서 기본이 되는호흡과 발성 기술을 훈련하는 일이다.,문화·예술·디자인·방송,문화·예술,실용예술,0801020121
K000001110,국악인,"창작·공연 전문가(작가, 연극 제외)",음악콘텐츠제작,작품 분석이란 음반 기획 전략에 따라 국내와 해외의 대중음악사를 이해하고 개별적인 음악적 요소나 성격으로 적용하는 능력이다.,문화·예술·디자인·방송,문화콘텐츠,문화콘텐츠제작,0803020314
K000001110,국악인,"창작·공연 전문가(작가, 연극 제외)",실용음악,코러스란 실용음악의 노래 곡을 그룹으로 가창하고 공연하고 녹음하는 일이다.,문화·예술·디자인·방송,문화·예술,실용예술,0801020120
K000001181,연주가,"창작·공연 전문가(작가, 연극 제외)",실용음악,즉흥 연주란 다양한 재즈곡에 있어서 그 곡의 형식을 암기하고 화성진행과 리듬에 맞는 즉흥 연주를 할 수 있는 능력이다.,문화·예술·디자인·방송,문화·예술,실용예술,0801020126
K000001181,연주가,"창작·공연 전문가(작가, 연극 제외)",문화재보존,"무형 문화유산 보존이란 공연예술, 전통기술, 구전전통을 보존하는 능력이다.",문화·예술·디자인·방송,문화·예술,문화재관리,0801040310
K000001181,연주가,"창작·공연 전문가(작가, 연극 제외)",실용음악,보컬곡 연주란 노래가 있는 곡에 있어서 그 곡의 리듬과 템포에 맞춰 악기를 연주할 수 있는 능력이다.,문화·예술·디자인·방송,문화·예술,실용예술,0801020124
K000007479,안무가,"창작·공연 전문가(작가, 연극 제외)",무대미술,무대미술 공연공간 현장 자료 조사란 무대디자인시 필요한 여러 가지 물리적인 요소들을 직접 확인하고 방문 검수하고 수집하여 분석하는 능력이다.,문화·예술·디자인·방송,문화·예술,공연예술,0801030516
K000007479,안무가,"창작·공연 전문가(작가, 연극 제외)",무대미술,공연텍스트 시각화 분석이란 공연 내용을 통해 창조적인 요소들을 분석하고 결과물에 대한 예측을 하는 것을 말한다.,문화·예술·디자인·방송,문화·예술,공연예술,0801030514
K000007479,안무가,"창작·공연 전문가(작가, 연극 제외)",무대미술,무대미술 공연 구상이란  실제적인 공연공간을 분석하고 여러 시각 담당관계자들과의 협의로 무대미술을 구상하는 것을 말한다.,문화·예술·디자인·방송,문화·예술,공연예술,0801030512
K000007505,성악가,"창작·공연 전문가(작가, 연극 제외)",실용음악,발성 트레이닝이란 실용음악의 노래 곡을 가창하는데 있어서 기본이 되는호흡과 발성 기술을 훈련하는 일이다.,문화·예술·디자인·방송,문화·예술,실용예술,0801020121
K000007505,성악가,"창작·공연 전문가(작가, 연극 제외)",음악콘텐츠제작,작품 분석이란 음반 기획 전략에 따라 국내와 해외의 대중음악사를 이해하고 개별적인 음악적 요소나 성격으로 적용하는 능력이다.,문화·예술·디자인·방송,문화콘텐츠,문화콘텐츠제작,0803020314
K000007505,성악가,"창작·공연 전문가(작가, 연극 제외)",실용음악,코러스란 실용음악의 노래 곡을 그룹으로 가창하고 공연하고 녹음하는 일이다.,문화·예술·디자인·방송,문화·예술,실용예술,0801020120
K000007546,무용가,"창작·공연 전문가(작가, 연극 제외)",무대미술,무대미술 공연공간 현장 자료 조사란 무대디자인시 필요한 여러 가지 물리적인 요소들을 직접 확인하고 방문 검수하고 수집하여 분석하는 능력이다.,문화·예술·디자인·방송,문화·예술,공연예술,0801030516
K000007546,무용가,"창작·공연 전문가(작가, 연극 제외)",무대미술,공연텍스트 시각화 분석이란 공연 내용을 통해 창조적인 요소들을 분석하고 결과물에 대한 예측을 하는 것을 말한다.,문화·예술·디자인·방송,문화·예술,공연예술,0801030514
K000007546,무용가,"창작·공연 전문가(작가, 연극 제외)",무대미술,무대미술 공연 구상이란  실제적인 공연공간을 분석하고 여러 시각 담당관계자들과의 협의로 무대미술을 구상하는 것을 말한다.,문화·예술·디자인·방송,문화·예술,공연예술,0801030512
K000007583,작곡가,"창작·공연 전문가(작가, 연극 제외)",실용음악,작사란 실용음악의 노래 곡 멜로디에 노랫말을 구상하여 붙이는 일이다.,문화·예술·디자인·방송,문화·예술,실용예술,0801020103
K000007583,작곡가,"창작·공연 전문가(작가, 연극 제외)",광고콘텐츠제작,사운드 디자인이란 광고 콘셉트에 적합한 사운드를 구현하기 위한 음향장비를 구성하고 사운드를 녹음하고 편집하는 일이다.,문화·예술·디자인·방송,문화콘텐츠,문화콘텐츠제작,0803020420
K000007583,작곡가,"창작·공연 전문가(작가, 연극 제외)",영상연출,"사운드 연출이란 영상콘텐츠를 대중에게 효과적으로 전달하기 위해 후시녹음과 음향효과를 연출하고, 선곡과 작곡을 확정하는 능력이다.",문화·예술·디자인·방송,문화콘텐츠,영상제작,0803040109
K000001000,제품 디자이너,디자이너,제품디자인,"제품디자인 전략 수립 콘셉트 구체화란 ‘제품디자인 리서치’의 분석 결과를 종합하여 제품 구현에 필요한 차별화 요소와 경쟁 포인트 등 구체적사양을 결정하여, 다음 단계인 ‘디자인 아이디어 발상’의 준거로 활용하는 능력이다.",문화·예술·디자인·방송,디자인,디자인,0802010214
K000001000,제품 디자이너,디자이너,지식재산정보조사분석,"디자인 맵 검토란 창작물의 국내/외 선행디자인의 활용을 위해 디자인 맵을 검색하고, 디자인 맵을 분석할 수 있는 능력이다.",법률·경찰·소방·교도·국방,법률,지식재산관리,0501020310
K000001000,제품 디자이너,디자이너,스포츠라이선싱,"스포츠라이선싱 제품개발이란 제품을 개발하기 위해 디자인, 소재, 생산공정 및 품질 관리를 연구하는 능력이다.",이용·숙박·여행·오락·스포츠,스포츠,스포츠마케팅,1204040206
K000001060,시각 디자이너,디자이너,편집디자인,사진 이미지 편집디자인이란 출판물의 특성에 맞는 사진 이미지를 디자인하기 위하여 출판물 내용에 맞는 사진 이미지를 선정하고 디자인하여 결과물을 검수하는 능력이다.,인쇄·목재·가구·공예,인쇄·출판,출판,2201010214
K000001060,시각 디자이너,디자이너,서비스경험디자인,"서비스·경험디자인 수행계획 수립은 제반 내용과 범위, 수행기간, 투입인력, 난이도 등을 고려 비용을 산출하고, 수행 계획을 구체화하여 계약 체결을 위한 협의 사항을 작성하는 능력이다.",문화·예술·디자인·방송,디자인,디자인,0802010611
K000001060,시각 디자이너,디자이너,서비스경험디자인,서비스·경험디자인 원칙 수립이란 수집·분석된 자료를 바탕으로 서비스요구사항을 정의하고 핵심 사용자에게 제공하는 서비스 디자인 원칙을 수립하는 능력이다.,문화·예술·디자인·방송,디자인,디자인,0802010617
K000007454,의상디자이너,디자이너,무대기술감독,"공연제작 관리란 공연 제작물에 필요한 예산, 일정, 인력(조직)을 점검, 관리하는 과정으로 시기 및  분야 별 제작회의를 통해 제작일정과 제작물에대한 점검을 하고 효율적인 예산 집행될 수 있도록 관리하는 능력이다.",문화·예술·디자인·방송,문화·예술,공연예술,0801030704
K000007454,의상디자이너,디자이너,무대의상,무대의상 제작준비란 결정된 디자인을 의상 및 장신구로 제작하기 위해작업지시서를 작성하고 예산을 편성하며 시장조사를 통하여 원부자재를구입하는 능력이다.,문화·예술·디자인·방송,문화·예술,공연예술,0801030903
K000007454,의상디자이너,디자이너,영화콘텐츠제작,캐릭터디자인이란 분장과 의상을 통해 등장인물에 가장 적합한 캐릭터를만드는 능력이다.,문화·예술·디자인·방송,문화콘텐츠,문화콘텐츠제작,0803020216
K000007459,영상그래픽디자이너,디자이너,증강현실(AR)콘텐츠제작,"증강현실 3D 그래픽 제작이란 현실세계에서 구현하고자하는 가상그래픽을 사용자가 체험할 수 있도록 3D 그래픽 디자인, 제작, 검증하는 능력이다.",정보통신,통신기술,실감형콘텐츠제작,2002040305
K000007459,영상그래픽디자이너,디자이너,증강현실(AR)콘텐츠제작,"증강현실 2D 그래픽 제작이란 현실세계에서 구현하고자하는 가상그래픽을 사용자가 체험할 수 있도록 2D 그래픽을 디자인, 제작, 검증하는 능력이다.",정보통신,통신기술,실감형콘텐츠제작,2002040304
K000007459,영상그래픽디자이너,디자이너,이러닝콘텐츠개발,"그래픽 요소 개발이란 제작된 프로토타입을 기반으로 스토리보드에 제시된 삽화, 특수효과 등을 개발하는 능력이다.",교육·자연·사회과학,직업교육,이러닝,0403020214
K000007463,웹디자이너,디자이너,디지털디자인,프로토타입 제작 및 사용성 테스트란 도출된 콘셉트의 방향에 맞게 시각화 작업을 해 프로토타입을 제작하고 사용성을 테스트하는 능력이다.,문화·예술·디자인·방송,디자인,디자인,0802010414
K000007463,웹디자이너,디자이너,디지털디자인,프로토타입 기초데이터 수집 및 스케치란 도출된 콘셉트의 방향에 맞게기초데이터를 수집하고 시각화가이드에 따른 프로토타입을 제작하는 능력이다.,문화·예술·디자인·방송,디자인,디자인,0802010413
K000007463,웹디자이너,디자이너,영화콘텐츠제작,시나리오 창작이란 영화제작을 위해 수립된 기획안에 부합하는 스토리를만들어내는 능력이다.,문화·예술·디자인·방송,문화콘텐츠,문화콘텐츠제작,0803020211
K000007498,실내장식디자이너,디자이너,환경디자인,환경디자인 기본설계 발표는 기획된 내용을 구체화화여 클라이언트 및 관련자들과 공유하여 검토 및 수정 보완하는 단계로 시각화시킨 디자인의기본설계내용을 효과적으로 프레젠테이션하 는 능력이다.,문화·예술·디자인·방송,디자인,디자인,0802010318
K000007498,실내장식디자이너,디자이너,무대장치·소품,무대장치·소품  제작 준비는 제작에 도움이 될 공연작품 관련된 자료를조사하고 제작일정에 따라 디자인 구현에 필요한 재료를 조사하는 능력이다.,문화·예술·디자인·방송,문화·예술,공연예술,0801030811
K000007498,실내장식디자이너,디자이너,영상미술,"영상미술 세트제작이란 제작 협의, 확정된 내용을 바탕으로 세트를 디자인과 도면에 맞게 시공 및 운영하는 능력이다.",문화·예술·디자인·방송,문화콘텐츠,영상제작,0803040714
K000007567,게임그래픽디자이너,디자이너,증강현실(AR)콘텐츠제작,"증강현실 3D 그래픽 제작이란 현실세계에서 구현하고자하는 가상그래픽을 사용자가 체험할 수 있도록 3D 그래픽 디자인, 제작, 검증하는 능력이다.",정보통신,통신기술,실감형콘텐츠제작,2002040305
K000007567,게임그래픽디자이너,디자이너,증강현실(AR)콘텐츠제작,"증강현실 2D 그래픽 제작이란 현실세계에서 구현하고자하는 가상그래픽을 사용자가 체험할 수 있도록 2D 그래픽을 디자인, 제작, 검증하는 능력이다.",정보통신,통신기술,실감형콘텐츠제작,2002040304
K000007567,게임그래픽디자이너,디자이너,이러닝콘텐츠개발,"그래픽 요소 개발이란 제작된 프로토타입을 기반으로 스토리보드에 제시된 삽화, 특수효과 등을 개발하는 능력이다.",교육·자연·사회과학,직업교육,이러닝,0403020214
K000000951,모델,연극·영화·방송 전문가,인공지능모델링,"인공지능 모델 선정이란 인공지능 최적화를 위하여 평가기준을 결정하고,모델 선정 기준을 결정한 뒤, 이해당사자의 피드백을 고려하여 최적의 모델을 선정하는 능력이다.",정보통신,정보기술,인공지능,2001070307
K000000951,모델,연극·영화·방송 전문가,인공지능모델링,인공지능모델 준비란 도출된 후보 모델을 기반으로 세부적인 모델을 설계하고 검증하는 능력이다.,정보통신,정보기술,인공지능,2001070302
K000000951,모델,연극·영화·방송 전문가,인공지능모델링,"인공지능 모델 활용 관리란 선정된 모델의 구성요소, 배포를 관리하고 서비스에 적용된 모델의 성능을 관리하여 개선하는 능력이다.",정보통신,정보기술,인공지능,2001070308
K000001138,방송연출가,연극·영화·방송 전문가,방송콘텐츠제작,"방송 리허설이란 촬영제작을 시작하기 전단계로서, 기술적 준비가 제대로작동되는지 점검하고 더불어 본 제작을 원활하게 진행하기 위한 사전연습을 진행할 수 있다.",문화·예술·디자인·방송,문화콘텐츠,문화콘텐츠제작,0803020116
K000001138,방송연출가,연극·영화·방송 전문가,무대의상,"무대의상 스타일링이란 결정된 디자인에 따라 제작, 사입된 의상 및 장신구를 코디네이션 하고 디테일 작업과 검수를 통해 무대의상을 최종 완성하는 능력이다.",문화·예술·디자인·방송,문화·예술,공연예술,0801030924
K000001138,방송연출가,연극·영화·방송 전문가,무대미술,무대미술 공연공간 입체 시각화란 무대미술 스케치를 시각적 결과물로 표현하는 능력이다.,문화·예술·디자인·방송,문화·예술,공연예술,0801030518
K000001161,아나운서,연극·영화·방송 전문가,영상조명,조명계획이란 빛을 이용하여 장면을 구현하기 위해 타 부서와 협의하고조명장비를 선택하고 장면을 구성하는 능력이다.,문화·예술·디자인·방송,문화콘텐츠,영상제작,0803040304
K000001161,아나운서,연극·영화·방송 전문가,방송콘텐츠제작,"프로그램 기획이란 방송콘텐츠제작을 기획하는 단계로서, 제작 책임자를선임하고, 기획회의를 진행하여 기획안을 작성하고 예산안을 수립하는 능력이다.",문화·예술·디자인·방송,문화콘텐츠,문화콘텐츠제작,0803020101
K000001161,아나운서,연극·영화·방송 전문가,방송콘텐츠유통·서비스,방송콘텐츠 라이센스 관리란 다양한 유통망과 서비스를 통해 방송콘텐츠를 적법하게 제공하기 위해 방송콘텐츠의 저작권 또는 저작인접권과 각종라이센스를 체계적으로 관리하는 능력이다.,문화·예술·디자인·방송,문화콘텐츠,문화콘텐츠유통·서비스,0803030103
K000001207,리포터,연극·영화·방송 전문가,방송콘텐츠제작,"프로그램 기획이란 방송콘텐츠제작을 기획하는 단계로서, 제작 책임자를선임하고, 기획회의를 진행하여 기획안을 작성하고 예산안을 수립하는 능력이다.",문화·예술·디자인·방송,문화콘텐츠,문화콘텐츠제작,0803020101
K000001207,리포터,연극·영화·방송 전문가,석유제품제조,"생산계획수립은 경제성 검토, 원유도입계획 결정, 제품생산계획 결정, 생산실적을 비교·분석하는 능력이다.",화학·바이오,석유·기초화학물,석유·천연가스,1702010101
K000001207,리포터,연극·영화·방송 전문가,방송콘텐츠제작,"캐스팅이란 프로그램의 출연자와 촬영장소를 선정하고, 제작에 필요한 현금․현물 협찬을 유치하는 능력이다.",문화·예술·디자인·방송,문화콘텐츠,문화콘텐츠제작,0803020103
K000007458,영화감독,연극·영화·방송 전문가,무대장치·소품,심화 작화는 무대장치·소품에 기초 작화된 표면에 제작도서에 명시되거나 시방서대로 구체적인 묘사를 통하여 작품의 완성도를 높이는 능력이다.,문화·예술·디자인·방송,문화·예술,공연예술,0801030821
K000007458,영화감독,연극·영화·방송 전문가,영화콘텐츠제작,"공간디자인이란 공간 콘셉트를 시각화하기 위해 세트를 디자인하고, 소품을 제작하며, 장식하는 능력이다.",문화·예술·디자인·방송,문화콘텐츠,문화콘텐츠제작,0803020217
K000007458,영화감독,연극·영화·방송 전문가,무대미술,무대미술 공연공간 수정·보완이란 공연이 가능하도록 공연공간의 완성도를 판단하는 능력이다.,문화·예술·디자인·방송,문화·예술,공연예술,0801030525
K000007460,광고영상감독,연극·영화·방송 전문가,영상그래픽,"제작기획이란 효율적인 시각효과 제작을 위하여 비주얼플래닝, 프로듀싱,시스템구성, 프레젠테이션을 포함하는 기획 능력이다.",문화·예술·디자인·방송,문화콘텐츠,영상제작,0803040501
K000007460,광고영상감독,연극·영화·방송 전문가,영상연출,"CGI/VFX 확정이란 영상콘텐츠의 시각적 효과를 높이기 위해 CGI/VFX 소스들을 제작 및 합성하는 과정을 관리, 감독하는 능력이다.",문화·예술·디자인·방송,문화콘텐츠,영상제작,0803040108
K000007460,광고영상감독,연극·영화·방송 전문가,광고콘텐츠제작,광고 실행 관리란 광고 목표를 달성하기 위해 제작 된 광고물을 적합한매체에 런칭하고 사후 관리하는 능력이다.,문화·예술·디자인·방송,문화콘텐츠,문화콘텐츠제작,0803020423
K000007473,조명기사,연극·영화·방송 전문가,방송콘텐츠제작,"프로그램 기획이란 방송콘텐츠제작을 기획하는 단계로서, 제작 책임자를선임하고, 기획회의를 진행하여 기획안을 작성하고 예산안을 수립하는 능력이다.",문화·예술·디자인·방송,문화콘텐츠,문화콘텐츠제작,0803020101
K000007473,조명기사,연극·영화·방송 전문가,영상촬영,"촬영장비 준비란 촬영을 위한 카메라, 렌즈, 그립장비를 선택하고 스태프를 구성하는 능력이다.",문화·예술·디자인·방송,문화콘텐츠,영상제작,0803040204
K000007473,조명기사,연극·영화·방송 전문가,식공간연출,"식문화콘텐츠 기획이란 식(食)을 매개로한 다양한 전시 및 이벤트를 계획하고, 실행에 옮길 수 있는 종합적인 능력이다.",음식서비스,식음료조리·서비스,식음료서비스,1301020508
K000007476,성우,연극·영화·방송 전문가,광고콘텐츠제작,사운드 디자인이란 광고 콘셉트에 적합한 사운드를 구현하기 위한 음향장비를 구성하고 사운드를 녹음하고 편집하는 일이다.,문화·예술·디자인·방송,문화콘텐츠,문화콘텐츠제작,0803020420
K000007476,성우,연극·영화·방송 전문가,영상연출,"사운드 연출이란 영상콘텐츠를 대중에게 효과적으로 전달하기 위해 후시녹음과 음향효과를 연출하고, 선곡과 작곡을 확정하는 능력이다.",문화·예술·디자인·방송,문화콘텐츠,영상제작,0803040109
K000007476,성우,연극·영화·방송 전문가,영상음향제작,"믹스(Mix)란 영상의 의도에 따라 녹음, 편집된 사운드 소스의 음색, 음량,음상 등을 조절하여 음향제작의 결과물을 도출하는 능력이다.",문화·예술·디자인·방송,문화콘텐츠,영상제작,0803040408
K000007503,연극연출가,연극·영화·방송 전문가,실용음악,"공연음악 작곡이란 연극, 뮤지컬, 무용 등의 공연 양식에 사용되는 음악을창작하는 능력이다.",문화·예술·디자인·방송,문화·예술,실용예술,0801020113
K000007503,연극연출가,연극·영화·방송 전문가,무대의상,"무대의상 작품분석이란 공연에 무대의상을 디자인하여 구현하기 위한 첫단계로 작품이 담고 있는 내용과 배경, 그에 따른 연출의 의도 및 캐릭터를 파악하는 능력이다.",문화·예술·디자인·방송,문화·예술,공연예술,0801030911
K000007503,연극연출가,연극·영화·방송 전문가,무대미술,무대미술 공연공간 입체 시각화란 무대미술 스케치를 시각적 결과물로 표현하는 능력이다.,문화·예술·디자인·방송,문화·예술,공연예술,0801030518
K000007543,촬영기사,연극·영화·방송 전문가,영상그래픽,사전제작이란 촬영 시 시행착오를 줄이기 위하여 스토리보드 작업을 하고콘텝트 디자인을 하며 프리비주얼라이제이션하는 능력이다.,문화·예술·디자인·방송,문화콘텐츠,영상제작,0803040502
K000007543,촬영기사,연극·영화·방송 전문가,무대조명,"무대조명 빛 맞추기는 공연조명 계획에서 요구되는 빛의 크기, 형태, 방향을 정확하게 맞추는 능력이다.",문화·예술·디자인·방송,문화·예술,공연예술,0801030204
K000007543,촬영기사,연극·영화·방송 전문가,방송콘텐츠유통·서비스,방송콘텐츠 서비스 계약은 콘텐츠 소비자와 계약을 진행할 수 있는 능력이다.,문화·예술·디자인·방송,문화콘텐츠,문화콘텐츠유통·서비스,0803030110
K000007574,연예인매니저,문화·예술 기획자 및 매니저,스포츠에이전트,사회공헌활동관리란 선수가 사회에 기여하고 이미지를 제고할 수 있도록경기 외적인 공헌 활동을 지원하는 능력이다.,이용·숙박·여행·오락·스포츠,스포츠,스포츠마케팅,1204040310
K000007574,연예인매니저,문화·예술 기획자 및 매니저,메이크업,수염 분장은 남자 캐릭터를 표현하는 기술 중의 하나로 수염 분장에 필요한 재료 및 도구를 활용하여 캐릭터를 창출하는 능력이다.,이용·숙박·여행·오락·스포츠,이·미용,이·미용서비스,1201010352
K000007574,연예인매니저,문화·예술 기획자 및 매니저,메이크업,바디페인팅은 얼굴을 포함한 신체 전반에 표현하고자 하는 이미지를 인체의 골격과 구조에 따라 페인팅하고 오브제를 활용하여 예술적으로 표현할수 있는 능력이다.,이용·숙박·여행·오락·스포츠,이·미용,이·미용서비스,1201010334
K000000867,직업 운동선수,스포츠·레크리에이션 종사자,선수스포츠지도,동작분석지도란 운동수행 시 신체 움직임 분석을 통해 불필요한 동작과부상유발동작을 최소화 하여 경기력향상을 위한 효율적 신체운동을 수행할 수 있도록 종목 별 선수의 훈련 및 경기 시 신체 움직임을 분석 및 개선방안을 대상자에게 제시하는 능력이다.,이용·숙박·여행·오락·스포츠,스포츠,스포츠경기·지도,1204030115
K000000867,직업 운동선수,스포츠·레크리에이션 종사자,선수스포츠지도,골경기지도는 경기규정에 따라 공을 컨트롤하여 골대에 공을 통과시켜 점수를 획득하는 유형의 경기를 지도하는 능력이다.,이용·숙박·여행·오락·스포츠,스포츠,스포츠경기·지도,1204030118
K000000867,직업 운동선수,스포츠·레크리에이션 종사자,건강운동관리,수중운동회복이란 신체 활동에 필요한 운동기능을 보다 안전하게 향상시켜 정상적 범위 및 그 이상을 목적으로 유효한 범위 내에서 복구시키기위해 수중에서 운동프로그램을 진행할 수 있는 능력이다.,이용·숙박·여행·오락·스포츠,스포츠,스포츠경기·지도,1204030333
K000000981,레크리에이션전문가,스포츠·레크리에이션 종사자,PR,"사회공헌활동은 전략적으로 조직 이미지를 제고하기 위하여 조직의 사회적 책임 활동계획 수립, 실행체계 구축, 프로그램 실행, 활동 평가를 하는능력이다.",경영·회계·사무,기획사무,홍보·광고,0201020107
K000007507,프로게이머,스포츠·레크리에이션 종사자,게임콘텐츠유통·서비스,"게임 콘텐츠 유통분석 이란 변화하고 다양한 게임유통 시장에 대응하기위하여 게임이 유통되는 구조와 기기, 유통결과에 대해 분석하여 게임유통에 필요한 분석보고서 작성 할 수 있는 능력이다.",문화·예술·디자인·방송,문화콘텐츠,문화콘텐츠유통·서비스,0803030501
K000007507,프로게이머,스포츠·레크리에이션 종사자,가상현실콘텐츠제작,"3D 그래픽 디자인이란 콘셉트 원화를 바탕으로 입체모델 및 텍스쳐 맵을 제작하고, 시간과 공간 속의 동적인 애니메이션을 제작하며,메시(Mesh)와 파티클(Particle) 시스템을 이용해 이펙트를 제작하는 능력이다.",정보통신,통신기술,실감형콘텐츠제작,2002040106
K000007507,프로게이머,스포츠·레크리에이션 종사자,진로지원,진로체험활동 실시란 대면/비대면 운영형태에 따라 진로체험활동을 구성하고 운영지도자교육을 통해 진로체험활동을 실행하고 평가·활용하는 능력이다.,사회복지·종교,상담,청소년지도,0702020306
K000007481,미용사,미용 서비스원,영상미술,영상미술 분장제작이란 분장디자인을 바탕으로 등장인물의 캐릭터화를 위해 재료의 종류와 사용법을 구분하여 제작할 수 있는 능력이다.,문화·예술·디자인·방송,문화콘텐츠,영상제작,0803040712
K000007481,미용사,미용 서비스원,이용,기본아이론 펌이란 펌제와 아이론 기기 등을 사용하여 모발의 구조와 형태를 물리적・화학적으로 변화시켜 웨이브 펌을 완성하는 능력이다.,이용·숙박·여행·오락·스포츠,이·미용,이·미용서비스,1201010530
K000007481,미용사,미용 서비스원,이용,"응용 정발이란 블로 드라이어, 브러시, 빗 등의 도구 및 기구를 사용하여C ‧ CC ‧ S컬을 연출함으로써 머리형태에 다양한 변화를 주는 능력이다.",이용·숙박·여행·오락·스포츠,이·미용,이·미용서비스,1201010527
K000007528,분장사,미용 서비스원,영상미술,"영상미술 기획이란 영상미술의 완성도를 높이기 위하여 제작의도를 파악하여 텍스트를 분석하고, 미술콘셉트를 설정하고, 전략을 수립하는 능력이다.",문화·예술·디자인·방송,문화콘텐츠,영상제작,0803040701
K000007528,분장사,미용 서비스원,무대기술감독,"공연제작 관리란 공연 제작물에 필요한 예산, 일정, 인력(조직)을 점검, 관리하는 과정으로 시기 및  분야 별 제작회의를 통해 제작일정과 제작물에대한 점검을 하고 효율적인 예산 집행될 수 있도록 관리하는 능력이다.",문화·예술·디자인·방송,문화·예술,공연예술,0801030704
K000007528,분장사,미용 서비스원,메이크업,무대공연 기본 메이크업은 무대공연을 유형별로 분류하고 공간의 특성·조명을 분석하여 무대의 크기에 따라 메이크업을 할 수 있는 능력이다.,이용·숙박·여행·오락·스포츠,이·미용,이·미용서비스,1201010327
K000007569,이용사,미용 서비스원,이용,"크리에이티브 헤어디자인이란 커트, 염·탈색, 헤어스타일링의 과정을 통해 모발의 흐름과 컬러를 창의적으로 디자인하여 스타일을 완성하는 능력이다.",이용·숙박·여행·오락·스포츠,이·미용,이·미용서비스,1201010547
K000007569,이용사,미용 서비스원,헤어미용,그래쥬에이션 헤어커트란 모발에 층이 있는 형태의 헤그래쥬에이션 헤어커트란 모발에 층이 있는 형태의 헤어커트로 헤어스타일에 따라 원하는부분에 무게감을 주어 볼륨을 형성할 목적으로 모발을 커트하는 능력이다.,이용·숙박·여행·오락·스포츠,이·미용,이·미용서비스,1201010131
K000007569,이용사,미용 서비스원,헤어미용,레이어 헤어커트란 두상의 모든 모발을 90℃ 이상의 각도로 커트한 스타일로 모발 전체에 볼륨감과 다양한 움직임을 표현하여 질감의 변화를 완성하는 능력이다.,이용·숙박·여행·오락·스포츠,이·미용,이·미용서비스,1201010132
K000007477,반려동물미용사,반려동물 서비스원,동물보건,응급동물간호란 갑작스러운 응급동물 발생에 대비하여 응급처치 물품과기술을 갖추고 신속하고 정확하게 수의사를 지원하며 수의사의 지도에 따라 응급처치를 수행하는 능력이다.,농림어업,축산,축산자원개발,2402010503
K000007477,반려동물미용사,반려동물 서비스원,동물보건,"외래동물간호란 내원한 동물의 기초문진, 신체검사를 통하여 기초자료를작성하고 동물보정 및 동물위생 관리를 수행하는 능력이다.",농림어업,축산,축산자원개발,2402010502
K000007477,반려동물미용사,반려동물 서비스원,애완동물미용,"애완동물 목욕이란 애완동물 피모의 건강을 위하여 대상에 맞는 미용도구를 활용하여 브러시, 샴푸, 린스, 드라이 작업을 수행하는 능력이다.",농림어업,축산,축산자원개발,2402010604
K000001093,여행상품 개발자,여행 서비스원,하우스매니징,"공연장 부가상품개발이란 공연예술작품의 부가가치 창출을 위하여 부가상품을 기획, 제작, 유통하는 능력이다.",문화·예술·디자인·방송,문화·예술,공연예술,0801031122
K000001093,여행상품 개발자,여행 서비스원,디지털비즈니스지원서비스,"디지털비지니스지원서비스 확산전략이란  디지털 미디어와 디지털확산미디어를 중심으로 활용하여, 핵심 타깃에게 콘텐츠 또는 브랜드 스토리를 효율적으로 노출하고 경험케 하여, 핵심 타깃 스스로 이를 자발적으로 확산하게 할 수 있는 능력이다.",정보통신,통신기술,통신서비스,2002031813
K000001093,여행상품 개발자,여행 서비스원,여행상품개발,"여행상품 시장조사 지원이란 시장환경 분석을 지원하고 수요자 조사, 경쟁상품 자료수집을 수행하는 능력이다.",이용·숙박·여행·오락·스포츠,관광·레저,여행서비스,1203010111
K000001187,여행 사무원,여행 서비스원,여행상품상담,"여행상품상담 교육 지원이란 상품정보파악, 상품상담 매뉴얼 작성, 상품 상담 교육을 지원하는 능력이다.",이용·숙박·여행·오락·스포츠,관광·레저,여행서비스,1203010211
K000001187,여행 사무원,여행 서비스원,여행상품상담,"여행서류확인 지원이란 여권, 비자, 출입국, 보험 서류 등의 확인을 지원하는 능력이다.",이용·숙박·여행·오락·스포츠,관광·레저,여행서비스,1203010215
K000001187,여행 사무원,여행 서비스원,여행상품개발,"여행상품 원가조사란 교통요소, 숙박요소, 관광자원요소를 조사하는 능력이다.",이용·숙박·여행·오락·스포츠,관광·레저,여행서비스,1203010112
K000007506,항공기객실승무원,항공기·선박·열차 객실승무원,국내여행안내,환송(sending) 지원이란 탑승수속을 지원하고 출국장 이용정보를 확인하는 능력이다.,이용·숙박·여행·오락·스포츠,관광·레저,여행서비스,1203010312
K000007506,항공기객실승무원,항공기·선박·열차 객실승무원,항공객실서비스,"항공 기내방송 업무란 이륙 전부터 다양한 정상적 상황(이륙 전, 이륙 후,착륙 후), 비정상적 상황(Irregular), 비상 상황(Emergency)을 안내하는 방송능력이다.",이용·숙박·여행·오락·스포츠,관광·레저,여행서비스,1203010512
K000007506,항공기객실승무원,항공기·선박·열차 객실승무원,국내여행안내,영접(meeting) 지원이란 영접정보를 확인하여 고객을 맞이하고 교통편 탑승을 안내하는 능력이다.,이용·숙박·여행·오락·스포츠,관광·레저,여행서비스,1203010311
K000007450,중식조리사,주방장 및 조리사,중식조리,중식 후식조리는 주 요리와 어울릴 수 있도록 더운 후식류나 찬 후식류를조리할 수 있는 능력이다.,음식서비스,식음료조리·서비스,음식조리,1301010314
K000007450,중식조리사,주방장 및 조리사,진로지원,진로체험활동 실시란 대면/비대면 운영형태에 따라 진로체험활동을 구성하고 운영지도자교육을 통해 진로체험활동을 실행하고 평가·활용하는 능력이다.,사회복지·종교,상담,청소년지도,0702020306
K000007450,중식조리사,주방장 및 조리사,중식조리,중식 구이조리는 구이 재료의 특성을 이해하고 그에 따른 조리법에 맞추어 조리할 수 있는 능력이다.,음식서비스,식음료조리·서비스,음식조리,1301010311
K000007538,한식조리사,주방장 및 조리사,한식조리,"한식 기초조리실무란 한식조리를 수행함에 있어 칼 다루기, 기본 고명 만들기, 한식 기초 조리법 등 기본적인 지식을 이해하고 기능을 익혀 조리업무에 활용할 수 있는 능력이다.",음식서비스,식음료조리·서비스,음식조리,1301010120
K000007538,한식조리사,주방장 및 조리사,진로지원,진로체험활동 실시란 대면/비대면 운영형태에 따라 진로체험활동을 구성하고 운영지도자교육을 통해 진로체험활동을 실행하고 평가·활용하는 능력이다.,사회복지·종교,상담,청소년지도,0702020306
K000007538,한식조리사,주방장 및 조리사,한식조리,"한식 볶음 조리란 육류, 어패류, 채소류 등에 간장이나 고추장 양념을 넣어 재료에 맛이 충분히 배도록 볶음조리를 할 수 있는 능력이다.",음식서비스,식음료조리·서비스,음식조리,1301010126
K000007555,양식조리사,주방장 및 조리사,양식조리,"연회조리는 축하, 환영, 기념 등과 같이 여러 사람이 모여 베푸는 행사에필요한 요리를 조리하고 세팅하는 능력이다.",음식서비스,식음료조리·서비스,음식조리,1301010220
K000007555,양식조리사,주방장 및 조리사,진로지원,진로체험활동 실시란 대면/비대면 운영형태에 따라 진로체험활동을 구성하고 운영지도자교육을 통해 진로체험활동을 실행하고 평가·활용하는 능력이다.,사회복지·종교,상담,청소년지도,0702020306
K000007555,양식조리사,주방장 및 조리사,숙박기획·개발,호텔 마케팅이란 판매를 촉진하기 위해 내·외부 영업환경 분석과 ICT를 활용하여 새로운 상품을 개발하고 가격을 결정하며 고객과의 지속적인 관계를 유지하는 능력이다.,이용·숙박·여행·오락·스포츠,관광·레저,숙박서비스,1203020101
K000007579,일식조리사,주방장 및 조리사,일식조리,일식 모둠 초밥조리란 다양한 식재료와 초밥용 밥을 사용하여 모둠 초밥요리를 조리하는 능력이다.,음식서비스,식음료조리·서비스,음식조리,1301010440
K000007579,일식조리사,주방장 및 조리사,일식조리,일식  무침조리란 준비된 다양한 식재료에 따라 양념을 첨가하여 용도에맞게 무침요리를 조리하는 능력이다.,음식서비스,식음료조리·서비스,음식조리,1301010403
K000007579,일식조리사,주방장 및 조리사,일식조리,일식 조림조리란 다양한 식재료와 양념을 첨가하여 용도에 맞게 조림요리를 조리하는 능력이다.,음식서비스,식음료조리·서비스,음식조리,1301010406
K000008544,단체급식 조리사,주방장 및 조리사,일식조리,일식 굳힘조리란 다양한 식재료를 이용하여 굳힘요리를 조리하는 능력이다.,음식서비스,식음료조리·서비스,음식조리,1301010414
K000008544,단체급식 조리사,주방장 및 조리사,한식조리,"한식 전·적 조리란 육류, 어패류, 채소류 등의 재료를 익기 쉽게 썰어 그대로 혹은 꼬치에 꿰어서 밀가루와 달걀 물을 입힌 후 팬에 기름을 두르고 지져내는 능력이다.",음식서비스,식음료조리·서비스,음식조리,1301010127
K000008544,단체급식 조리사,주방장 및 조리사,양식조리,양식 기초조리실무란 양식조리에 필요한 기본적인 칼 기술과 조리기기 사용 및 조리방법을 습득·활용하는 능력이다.,음식서비스,식음료조리·서비스,음식조리,1301010216
K000001212,청원경찰,경호·보안 종사자,경호,경호교육훈련이란 경호원 및 경호업무관련자의 경호직무 수행능력을 향상시키기 위하여 직무능력향상계획을 수립하고 전문성을 개발하도록 훈련하는 능력이다.,경비·청소,경비,경비·경호,1101010203
K000001212,청원경찰,경호·보안 종사자,경호,"경호무도란 각종 위해로부터 경호대상자의 생명, 신체, 재산을 보호하기위해 무도를 수련·활용하는 능력이다.",경비·청소,경비,경비·경호,1101010209
K000001212,청원경찰,경호·보안 종사자,보안,"경비관련법규 현장적용은 경비원 및 경비업무관련자가 경비직무를 수행하는데 기초가 되는 경비업법과 청원경찰법, 형사법, 기타 경비관련법규를현장상황에 맞게 교육하고, 그 현장 이행사항을 지도·감독하는 능력이다.",경비·청소,경비,경비·경호,1101010112
K000007549,경호원,경호·보안 종사자,경호,"경호기획이란 경호업무의 형성, 준비, 실시, 평가 등의 경호업무가 형성되어 종료될 때까지의 전 과정에 걸쳐 모든 경호관련자가 수행하여야할 행동원칙과 지침을 개발하고, 정리하여 문서화하는 능력이다.",경비·청소,경비,경비·경호,1101010201
K000007549,경호원,경호·보안 종사자,진로지원,진로체험활동 실시란 대면/비대면 운영형태에 따라 진로체험활동을 구성하고 운영지도자교육을 통해 진로체험활동을 실행하고 평가·활용하는 능력이다.,사회복지·종교,상담,청소년지도,0702020306
K000007549,경호원,경호·보안 종사자,경호,"경호운용지원이란 본 활동인 경호업무 수행에 필요한 인력 및 조직관리,행정처리, 법무행정, 경호업무와 관련한 고객요구사항처리 등과 같은 지원활동을 수행하는 능력이다.",경비·청소,경비,경비·경호,1101010212
K000001066,청소원,청소 종사자,전기철도설계·감리,"전기철도 안전환경관리란 시공 안전성 확보를 위한 안전관리계획, 안전교육 및 친환경 공사가 되도록 관리하는 능력이다.",전기·전자,전기,전기철도,1901090110
K000001066,청소원,청소 종사자,일상생활기능지원,"가사활동지원이란 대상자에게 식사준비, 청소, 의복관리를 통하여 기본적인 가사활동을 지원하는 능력이다.",사회복지·종교,사회복지,사회복지서비스,0701020203
K000001066,청소원,청소 종사자,의료시설위생관리,의료폐기물관리란 의료시설에서 의료행위와 연구과정에서 발생하는 폐기물을 적법하게 처리하는 능력이다.,보건·의료,보건,보건지원,0601020402
K000007523,검표원,검침·주차관리 및 기타 서비스 단순 종사자,국내여행안내,환송(sending) 지원이란 탑승수속을 지원하고 출국장 이용정보를 확인하는 능력이다.,이용·숙박·여행·오락·스포츠,관광·레저,여행서비스,1203010312
K000007523,검표원,검침·주차관리 및 기타 서비스 단순 종사자,항공객실서비스,"승객 탑승 및 이륙전 서비스란 탑승위치 대기, 탑승권 재확인, 좌석 안내,수하물 정리 지원, 특수 고객 지원, 탑승환영 안내 방송을 수행하는 능력이다.",이용·숙박·여행·오락·스포츠,관광·레저,여행서비스,1203010503
K000001004,기술 영업원,기술·해외 영업원 및 상품중개인,전자제품영업,전자제품 영업환경분석이란 전자제품 영업을 수행하는데 있어서 영향을주는 외적 변수를 파악하고자 사회⋅기술⋅경제 환경을 분석하는 능력이다.,전기·전자,전자기기일반,전자제품고객지원,1902030201
K000001004,기술 영업원,기술·해외 영업원 및 상품중개인,초고속망서비스,"사업 관리 수립이란 시장상황과 경영방침에 부합하는 초고속망 서비스의영업 목표를 결정하기 위하여 시장조사, 고객 요구분석, 영업목표 수립, 가격정책 수립, 홍보·판매전략 수립 업무를 수행하는 능력이다.",정보통신,통신기술,통신서비스,2002030301
K000001004,기술 영업원,기술·해외 영업원 및 상품중개인,전자제품영업,전자제품영업 가격전략수립이란 전자제품 시장에서 가격경쟁력을 확보하기 위해서 수립한 가격정책에 따라 손익분기점을 산출하고 판매가격을 관리하는 능력이다.,전기·전자,전자기기일반,전자제품고객지원,1902030203
K000007560,해외영업원,기술·해외 영업원 및 상품중개인,직무분석,직무분석 결과 활용이란 직무분석 기술이 완료된 후 해당 결과를 인사관리에 활용하는 능력이다.,교육·자연·사회과학,직업교육,직업교육,0403010312
K000007560,해외영업원,기술·해외 영업원 및 상품중개인,기업교육,정부지원사업·제도 활용이란 정부정책의 일환으로 시행되고 있는 각종HRD관련 예산 지원 사업 또는 제도를 활용하여 교육과정 및 교육 인프라의 효율적인 운용을 수행하는 능력이다.,교육·자연·사회과학,직업교육,직업교육,0403010213
K000007560,해외영업원,기술·해외 영업원 및 상품중개인,방문판매,"방문판매서비스마인드 구축이란 방문판매자가 영업마인드를 구축하고 이미지 메이킹, 방문예절 등을 이해하여 자기주도적으로 판매역량을 높이는능력이다.",영업판매,판매,일반판매,1003020202
K000007451,텔레마케터,텔레마케터,외식운영관리,"매장 마케팅관리란 매출을 극대화하기 위하여 체계적으로 마케팅 계획,마케팅 활동, 마케팅 성과분석을 수행하는 능력이다.",음식서비스,식음료조리·서비스,외식경영,1301030109
K000007451,텔레마케터,텔레마케터,고객관리,고객 관계 관리란 고객데이터 분석 결과를 바탕으로 고객 유형을 분류하여 고객 관계를 확보하고 유지하기 위한 업무를 수행하는 능력이다.,경영·회계·사무,기획사무,마케팅,0201030210
K000007451,텔레마케터,텔레마케터,방문판매,"방문고객 사후관리란 판매 이후에 행해지는 활동으로, 보유고객을 관리하고 점검하며 보유고객과의 관계를 유지하는 능력이다.",영업판매,판매,일반판매,1003020211
K000000874,주유원,판매 종사자,불도저운전,"운용관리란 공정관리, 장비관리, 부품관리, 정비관리를 수행하여 장비를 유지관리 하는 능력이다.",건설,건설기계운전·정비,토공기계운전,1407010410
K000000874,주유원,판매 종사자,방문판매,방문판매 기획이란 방문판매 업무를 숙지하고 상품지식과 법률을 습득하여 판매단계에 따라 표준화된 활동을 할 수 있도록 기획하는 능력이다.,영업판매,판매,일반판매,1003020201
K000000874,주유원,판매 종사자,보험계약심사,"환경적 인수위험평가란 피보험자의 환경적 위험을 정확하게 평가하기 위하여 환경적 심사정보 수집, 환경적 심사위험 평가, 환경적 가입조건 결정을 하는 능력이다.",금융·보험,보험,보험영업·계약,0302020203
K000001050,상품 대여원,판매 종사자,고객관리,"고객 필요정보 제공이란 예측되는 고객의 정보요구에 대응하기 위하여 필요 정보를 산출하고, 경로별로 정보를 제공하며 관리하는 능력이다.",경영·회계·사무,기획사무,마케팅,0201030206
K000001050,상품 대여원,판매 종사자,방문판매,방문판매 기획이란 방문판매 업무를 숙지하고 상품지식과 법률을 습득하여 판매단계에 따라 표준화된 활동을 할 수 있도록 기획하는 능력이다.,영업판매,판매,일반판매,1003020201
K000001050,상품 대여원,판매 종사자,보험계약심사,"환경적 인수위험평가란 피보험자의 환경적 위험을 정확하게 평가하기 위하여 환경적 심사정보 수집, 환경적 심사위험 평가, 환경적 가입조건 결정을 하는 능력이다.",금융·보험,보험,보험영업·계약,0302020203
K000001128,상점 판매원,판매 종사자,자동차정비경영관리,"판매·재고관리란 교환 상품의 매입, 진열판매, 재고 · 매입처를 관리하는 능력이다.",기계,자동차,자동차정비관리,1506040106
K000001128,상점 판매원,판매 종사자,고객관리,"고객 필요정보 제공이란 예측되는 고객의 정보요구에 대응하기 위하여 필요 정보를 산출하고, 경로별로 정보를 제공하며 관리하는 능력이다.",경영·회계·사무,기획사무,마케팅,0201030206
K000001128,상점 판매원,판매 종사자,보험계약심사,"환경적 인수위험평가란 피보험자의 환경적 위험을 정확하게 평가하기 위하여 환경적 심사정보 수집, 환경적 심사위험 평가, 환경적 가입조건 결정을 하는 능력이다.",금융·보험,보험,보험영업·계약,0302020203
K000007469,선박기관사,항공기·선박·철도 조종사 및 관제사,항해,항해장비운용이란 선박의 안전한 항해를 위하여 전파전자 항해기기와 조타제어 시스템                  을 운용하는 능력이다.,운전·운송,선박운전·운송,선박운항,0903010106
K000007469,선박기관사,항공기·선박·철도 조종사 및 관제사,근해어업,"출어준비란 조업에 필요한 각종 유류, 어구재료, 주·부식, 선용품 및 기관부속품과 예비품의 수급계획, 구매, 검수, 보관·정리, 선박의 출항수속, 어선원을 교육하는 능력이다.",농림어업,수산,어업,2404010203
K000007469,선박기관사,항공기·선박·철도 조종사 및 관제사,보험계약심사,"환경적 인수위험평가란 피보험자의 환경적 위험을 정확하게 평가하기 위하여 환경적 심사정보 수집, 환경적 심사위험 평가, 환경적 가입조건 결정을 하는 능력이다.",금융·보험,보험,보험영업·계약,0302020203
K000007552,항공기조종사,항공기·선박·철도 조종사 및 관제사,자가용항공기조종,"자가용항공기 비행 전 준비란 계획된 목적지까지 운항하고 임무를 수행하기 위하여 법정서류 확인, 항공정보 확인, 항공기성능 확인, 항행장비성능확인, 비행계획서 제출하는 업무를 수행하는 능력이다.",운전·운송,항공운전·운송,항공기조종운송,0904010201
K000007552,항공기조종사,항공기·선박·철도 조종사 및 관제사,사업용항공기조종,항공방제비행이란 항공방제에 필요한 사전 지식을 습득하고 항공방제 비행을 할 수 있는 능력이다.,운전·운송,항공운전·운송,항공기조종운송,0904010313
K000007552,항공기조종사,항공기·선박·철도 조종사 및 관제사,경량항공기조종,경량항공기 비상절차란 비행 중 기상 및 기체 등의 결함으로 발생하는 비상상황에 대처하는 능력이다.,운전·운송,항공운전·운송,항공기조종운송,0904010111
K000008493,관제사,항공기·선박·철도 조종사 및 관제사,항공교통관제,"비행정보제공이란 항공기의 안전하고 효율적인 비행을 위하여 기상정보,항행안전시설, 관련 비행장시설의 상태 변경에 관한 정보를 항공기에게제공하는 능력이다.",운전·운송,항공운전·운송,항공운항,0904020101
K000008493,관제사,항공기·선박·철도 조종사 및 관제사,철도신호제어시공,"열차집중제어장치 시공은 관제소에서 관제가 가능하도록 정보전송장치,표시제어장치를 시공하고 인터페이스를 시험하는 능력이다.",전기·전자,전기,철도신호제어,1901100209
K000008493,관제사,항공기·선박·철도 조종사 및 관제사,선박교통관제,비상상황 영어구사는 선박 통항 시 관제에 필요한 조난통신영어를 구사하는 능력이다.,운전·운송,선박운전·운송,선박운항,0903010625
K000007465,택시운전원,자동차 운전원,취업알선,"구직자 일반상담이란 구직자의 구직신청을 접수하고, 구직자의 직무 특성을 파악하여 필요한 취업계획을 수립할 수 있도록 상담을 진행하는 능력이다.",사회복지·종교,상담,직업상담서비스,0702010215
K000007465,택시운전원,자동차 운전원,기중기운전(이동식크레인조종),장비 이동이란 기중기를 작업장까지 이동하는 능력이다.,건설,건설기계운전·정비,양중기계운전,1407050101
K000007468,버스운전원,자동차 운전원,여객운송,"승객 승ㆍ하차지원이란 승객의 승ㆍ하차 시 승객의 안전을 확보하고, 승ㆍ하차 편의를 제공하며, 승객의 수하물을 안전하게 관리하는 능력이다.",운전·운송,자동차운전·운송,자동차운전·운송,0901010103
K000007468,버스운전원,자동차 운전원,객화차량유지보수,"객화차량 연결장치 유지보수란 열차를 조성, 운전하는데 있어 객화차량을기관차에 체결하고, 차량 상호간 연결하는데 필요한 장치를 유지보수 능력이다.",기계,철도차량제작,철도차량유지보수,1507020405
K000007462,지게차운전원,물품이동장비 조작원(크레인·호이스트·지게차),지게차운전,화물운반작업이란 지게차를 주행하여 화물을 운반하는 능력이다.,건설,건설기계운전·정비,적재기계운전,1407040114
K000007462,지게차운전원,물품이동장비 조작원(크레인·호이스트·지게차),굴착기운전,시험 터파기란 토목 기초공사를 위해 굴착기를 이용하여 작업지시사항에 따라 작업 내용을 숙지하고 시험 터파기를 하는 능력이다.,건설,건설기계운전·정비,토공기계운전,1407010612
K000007462,지게차운전원,물품이동장비 조작원(크레인·호이스트·지게차),천장크레인운전(천장크레인조종),"작업지시 확인이란 중량물 권상작업 시작 전 작업계획서를 확인하고, 작업장의 특성 및 특수 중량물의 작업절차를 확인하는 능력이다.",건설,건설기계운전·정비,양중기계운전,1407050401
K000000884,선박갑판원,택배원 및 기타 운송 종사자,기장생산,"Tunnel Thruster 설치(기계)는 선박의 접안, 계류 시 사용하는 기계장치로설계도면, 규정 및 절차에 따라서 설치하는 능력이다.",기계,조선,선박의장생산,1508030105
K000000884,선박갑판원,택배원 및 기타 운송 종사자,철의장설계,"구명(Life Saving)장비 설계란 해상에서 선박의 조난 시 또는 인명 구조 시사람의 생명과 직결되는 구명정(Lifeboat)과 구명뗏목(Liferaft), 구조정(Rescue Boat), 구명부환(Lifebuoy), 구명동의(Lifejacket), 각종 신호(Signal) 및 통신장비들을 최적 배치하는 능력이다.",기계,조선,선박설계,1508010403
K000000884,선박갑판원,택배원 및 기타 운송 종사자,선장생산,"Anchoring 시스템류 설치란 Anchor, Chain 및 Anchor Chain Stopper를 설치하는 능력이다.",기계,조선,선박의장생산,1508030310
K000007467,콘크리트공,건설구조 기능원,콘크리트공기계운전,"콘크리트믹서트럭 호퍼작업이란 안전하고 원활한 작업을 위하여 콘크리트펌프 작업, 호퍼에 작업을 수행하는 능력이다.",건설,건설기계운전·정비,콘크리트공기계운전,1407030115
K000007467,콘크리트공,건설구조 기능원,수중구조물시공,"수중구조물 본체 시공이란 수중구조물 본체 제작, 본체 구조물 철근 콘크리트 시공, 부대공 시공, 수중구조물 본체 시공 품질 관리하기를 수행하는능력이다.",건설,토목,토목시공,1402020408
K000007467,콘크리트공,건설구조 기능원,콘크리트공기계운전,"콘크리트펌프 작동법 파악이란 콘크리트펌프의 안전하고 원활한 조종을위하여 콘크리트펌프 원리, 각부 명칭, 기능 등을 파악하고 장치를 조작하는 능력이다.",건설,건설기계운전·정비,콘크리트공기계운전,1407030106
K000007475,건축석공,건설구조 기능원,석공예,"석재작업 안전관리란 품질 좋은 제품을 생산하기 위하여 사고를 미연에방지하고, 작업자의 지속적인 안전을 도모하는 능력이다.",인쇄·목재·가구·공예,공예,공예,2202010311
K000007475,건축석공,건설구조 기능원,한옥시공,한옥시공 기초공사란 터 잡기를 한 후 토공사와 기초공사를 할 수 있는능력이다.,건설,건축,건축시공,1403021603
K000007475,건축석공,건설구조 기능원,석공예,원석채석일반은 원자재 생산의 일반적 사항을 이해하고  특별한 형태의주문등의 계획을 수립하는 능력이다.,인쇄·목재·가구·공예,공예,공예,2202010304
K000007533,철근공,건설구조 기능원,석축,"석축 현장안전이란 안전보호구 착용, 안전시설물 설치, 불안전 시설물을개선하여 위험요소로부터 근로자를 보호하는 능력이다.",건설,토목,토목시공,1402021102
K000007533,철근공,건설구조 기능원,철근콘크리트시공,"철근콘크리트시공 계획수립이란 설계도서 및 내역검토, 공정표/시공계획서작성, 품질/안전/환경관리를 계획하는 능력이다.",건설,건축,건축시공,1403020603
K000007533,철근공,건설구조 기능원,석축,"석축 도면파악이란 전개도, 평면도, 측면도, 상세도 등을 확인하여 도면에대한 기본지식 및 현황을 파악하는 능력이다.",건설,토목,토목시공,1402021101
K000001038,방수공,건축마감 기능원,방수시공,"방수시공 계획수립이란 도면검토, 공사내역을 통하여 방수시공의 공정, 품질, 인원, 자재, 가설, 안전, 환경 관리 등을 계획하는 능력이다.",건설,건축,건축시공,1403020303
K000001038,방수공,건축마감 기능원,방수시공,시멘트 액체 방수란 건축물의 내·외부의 구조체에 시멘트 모르타르와 방수액을 사용하여 방수층을 형성하는 능력이다.,건설,건축,건축시공,1403020305
K000001038,방수공,건축마감 기능원,방수시공,"바탕처리란 방수바탕면에 불순물을 청소 및 정리하고 콘크리트 등에 결함부가 있을 때, 방수층이 잘 접착 되도록 보수보강하는 능력이다.",건설,건축,건축시공,1403020304
K000001102,미장공,건축마감 기능원,조경시공,입체조경공사란 인공구조물을 대상으로 설계도서에 따라 시공계획을 수립한 후 현장여건을 고려하여 식물과 조경시설물을 생태적·기능적·심미적으로 식재하고 설치하는 능력이다.,건설,조경,조경,1405010208
K000001102,미장공,건축마감 기능원,단열시공,"공정관리계획 수립이란 현장을 조사하고 설계도서에 따라 공법검토, 공정관리계획 및 공정표작성 등을 수립하는 능력이다.",건설,건축,건축시공,1403021010
K000001102,미장공,건축마감 기능원,문화재보수,"문화재 미장 보수란 문화재를 보수하기 위하여 보수계획 수립, 미장 해체,미장 공사하는 능력이다.",문화·예술·디자인·방송,문화·예술,문화재관리,0801040205
K000001188,도배공,건축마감 기능원,전시디자인,"현장설치 유지 관리는 전시장 안전 지침에 따른 현장안전관리를 바탕으로최적의 설치를 위한 공정, 인력 및 자재 관리, 시설 유지관리를 진행시키는 능력이다.",문화·예술·디자인·방송,디자인,디자인,0802010911
K000001188,도배공,건축마감 기능원,냉동공조설치,"공조배관설치란 설계도서와 현장여건에 적합하게 냉온수, 냉각수, 증기배관 등을 설치하는 능력이다.",기계,기계장치설치,냉동공조설비,1505020226
K000001188,도배공,건축마감 기능원,선박배관정비,공정관리란 요구 품질 및 시한에 맞춰 정비를 완료할 수 있도록 계약요구사항을 확인하고 현장회의를 거쳐 정비계획서를 작성하고 공정진행을 확인하는 능력이다.,기계,조선,선박정비,1508070302
K000007480,건물도장공,건축마감 기능원,선체품질관리,"품질문제예방활동이란, 선박 건조 공정 중 요구되는 품질이 확보되도록사전 분석, 협의 및 조정하고, 동일 문제점이 재발되지 않도록 조치하는데필요한 계획적이고 체계적인 활동 능력이다.",기계,조선,선박품질관리,1508040103
K000007480,건물도장공,건축마감 기능원,강구조시공,부부재 제작이란 강구조물 공사 조립의 전 단계로서 공작도에 의해 주요구조부재를 제외한 자재를 제작·가공하여 운송하는 능력이다.,건설,건축,건축시공,1403021312
K000007480,건물도장공,건축마감 기능원,단열시공,"공정관리계획 수립이란 현장을 조사하고 설계도서에 따라 공법검토, 공정관리계획 및 공정표작성 등을 수립하는 능력이다.",건설,건축,건축시공,1403021010
K000000964,건설 배관공,배관공,타워크레인운전(타워크레인조종),"해체운전이란 타워크레인의 해체 시 인하작업을 위해서 신호수, 작업자를확인하고 마스트를 해체하는 능력이다.",건설,건설기계운전·정비,양중기계운전,1407050306
K000000964,건설 배관공,배관공,천장크레인운전(천장크레인조종),중량물 권하작업이란 천장크레인을 운전하여 중량물을 내려놓는 작업을수행하는 능력이다.,건설,건설기계운전·정비,양중기계운전,1407050415
K000000964,건설 배관공,배관공,불도저운전,"운용관리란 공정관리, 장비관리, 부품관리, 정비관리를 수행하여 장비를 유지관리 하는 능력이다.",건설,건설기계운전·정비,토공기계운전,1407010410
K000008484,"공업배관공(플렌트, 항공, 선박, 철도차량)",배관공,선박기본설계,"선박기본계획이란 선박의 크기, 구획 및 성능을 결정하기 위하여 주요 치수, 배치, 재화중량, 화물창 크기, 주기관 및 연료 소모량 등을 최적화하여설계하는 능력이다.",기계,조선,선박설계,1508010101
K000008484,"공업배관공(플렌트, 항공, 선박, 철도차량)",배관공,선박기본설계,건조사양서(Building Specification) 작성이란 고객의 요구사항과 관련 법규에서 필요로 하는 사양을 정리 및 확정하고 문서화하는 능력이다.,기계,조선,선박설계,1508010102
K000008484,"공업배관공(플렌트, 항공, 선박, 철도차량)",배관공,수면비행선박조종,"수면비행 운항계획은 운항에 필요한 제원과 운항성능 계산, 기상판독 및선박을 점검하여 운항계획을 수립하고 출항여부를 결정하는 능력이다.",운전·운송,선박운전·운송,선박운항,0903010401
K000000983,"잠수기능원(잠수부, 구난잠수요원)",기타 건설 기능원(채굴포함),조경설계,조경적산이란 설계도서를 검토하여 수량산출과 단가조사를 통해서 조경공사비를 산정하기 위한 산출근거를 만들고 공종별 내역서와 공사비 원가계산서 작성을 수행하는 능력이다.,건설,조경,조경,1405010112
K000000983,"잠수기능원(잠수부, 구난잠수요원)",기타 건설 기능원(채굴포함),선체조립,"마크(mark)류 시공이란 선체의 안전한 운항 및 적재를 위해 규정에 준하여선체에 마  킹, 센터 펀칭 작업 및 페인트 제거 등 일련의 작업을 하는 능력이다.",기계,조선,선체건조,1508020206
K000000983,"잠수기능원(잠수부, 구난잠수요원)",기타 건설 기능원(채굴포함),수면비행선박조종,"항해장비 운용이란 항해에 필요한 레이더, 통신장비, 전자해도 및 비행계기를 운용하는 능력이다.",운전·운송,선박운전·운송,선박운항,0903010404
K000000822,항공기 정비원,운송장비 정비원,항공기왕복엔진정비,"항공기 왕복엔진 흡입기 계통 점검은 비행안전을 위하여 공기여과기, 흡입관 가스켓, 과급기, 기화기 히터 점검, 교환하는 능력이다.",기계,항공기제작,항공기정비,1509030311
K000000822,항공기 정비원,운송장비 정비원,항공안전,"항공위험 관리란 항공 안전을 저해하는 위해요인(hazard)을 식별, 분석하여해당 위험을 경감‧제거시킬 수 있는 능력이다.",운전·운송,항공운전·운송,항공운항,0904020303
K000000976,선박 정비원,운송장비 정비원,항공기기체설계,"항공기 피로·파괴·손상 허용해석이란 항공기 구조물의 피로, 파괴, 손상에 의한 구조물의 건전성을 분석하고, 항공기의 구조 수명을 관리할 수 있도록 하는 능력이다.",기계,항공기제작,항공기설계,1509010113
K000000976,선박 정비원,운송장비 정비원,항공기정비관리,"항공기 기술관리란 항공기 정비의 체계적인 운영과 결함, 수리·개조 작업의 기술지원을 위해 정비관리 절차, 기술자료, 정비프로그램, 신뢰성, 고장 분석 등을 관리 하는 능력이다.",기계,항공기제작,항공장비관리,1509040103
K000000976,선박 정비원,운송장비 정비원,자동차엔진정비,"CNG 전자제어장치 정비란 CNG 전자제어장치 센서의 엔진 컨트롤 모듈을진단장비의 서비스데이터 및 관련 측정 장비로 점검, 진단, 조정, 교환, 수리하는 능력이다.",기계,자동차,자동차정비,1506030211
K000001070,자동차 정비원,운송장비 정비원,자동차섀시정비,자동차 정비 작업환경 관리란 자동차 정비작업 도중 발생되는 유해물질 등으로부터 작업자를 보호하기 위해 보호구를 선택하는 능력과 작업 시 장비 및 공구로부터 안전을 고려하여 작업하는 능력이다.,기계,자동차,자동차정비,1506030319
K000001070,자동차 정비원,운송장비 정비원,자동차튜닝,"자동차 차체구조 튜닝설계란 사용자의 요청에 따라 물품 적재장치 및 구조 강성장치 등을 기획, 설계, 설계도면 작성, 설계점검·개선, 제작, 시험을 수행하는 능력이다.",기계,자동차,자동차관리,1506050219
K000001070,자동차 정비원,운송장비 정비원,자동차조립,자동차 공구점검이란 자동차 조립 및 생산을 위하여 공구관리의 기준을설정하여 공구를 관리하고 각종 장비를 점검하며 자동차조립에 사용되는공구를 지원하는 능력이다.,기계,자동차,자동차제작,1506020110
K000001112,금속 공작기계 조작원,금형원 및 공작기계 조작원,항공기엔진·프로펠러제작,항공기 엔진 치공구 제작이란 항공기 엔진 공정도에 따라 CNC 프로그래밍을 이용하여 치공구를 설계하고 제작하는 능력이다.,기계,항공기제작,항공기제작,1509020214
K000001112,금속 공작기계 조작원,금형원 및 공작기계 조작원,다이캐스팅금형품질관리,다이캐스팅금형 부품검사란 가공된 부품의 표면상태를 육안으로 판별하는능력과 측정기를 선정하여 기본측정을 수행하는 능력이다.,기계,금형,다이캐스팅금형,1510030401
K000001112,금속 공작기계 조작원,금형원 및 공작기계 조작원,가전기기기구개발,기구 워킹목업 제작 준비란 워킹목업 제작을 위한 공용기구물을 검토하고신 가공법의 적용여부를 검토하는 능력이다.,전기·전자,전자기기개발,가전기기개발,1903010411
K000001223,금형원,금형원 및 공작기계 조작원,전자응용기기기구개발,"기구 금형 제작 관리란 금형의 제작 가능성을 분석하여 원가를 산출하고제품 품질에 부합하는 금형을 제작, 관리하는 능력이다.",전기·전자,전자기기개발,전자응용기기개발,1903040206
K000001223,금형원,금형원 및 공작기계 조작원,금형스마트시스템운영·관리,스마트 금형원가관리란 금형제작의 경쟁력확보를 위하여 계획원가와 실제투입 원가의 차이를 원가관리시스템으로 실시간 원가 차이를 분석하고 성과평가와 경영의사결정을 위한 자료를 작성하는 능력이다.,기계,금형,금형(공통),1510000109
K000001223,금형원,금형원 및 공작기계 조작원,사출금형설계,"사출금형 원가계산이란 제품도면 분석을 통해 금형제작 예상 비용을 산출하여 견적서를 작성하고, 금형제작에 사용된 경비를 파악하여 납품할 금형생산의 이익 여부를 계산하는 능력이다.",기계,금형,사출금형,1510010102
K000000871,일반기계 조립원,기계 조립원(운송장비 제외),자동차정비검사,소규모 제작자 자동차 안전검사란 자동차 소규모 제작자가 제작한 최초 1대에 대하여 기술검토와 안전검사(자동차안전연구원)를 받은 이후 계속 생산되는 자동차마다 자동차 안전기준에 맞게 제작되었는지 확인하는 능력이다.,기계,자동차,자동차정비,1506030607
K000000871,일반기계 조립원,기계 조립원(운송장비 제외),자동차튜닝,"자동차 차체구조 튜닝장착이란 사용자의 요청에 따라 물품 적재장치 및구조 강성장치 등을 조립, 장착, 검사를 수행하는 능력이다.",기계,자동차,자동차관리,1506050220
K000000871,일반기계 조립원,기계 조립원(운송장비 제외),자동차조립,"완성차 조립검사란 조립라인에서 차량의 조립이 완료되면 차량의 조립상태를 검사하고 기능을 검사하며, 검사조정을 수행하는 능력이다.",기계,자동차,자동차제작,1506020109
K000007548,자동차조립원,운송장비 조립원,진로지원,진로체험활동 실시란 대면/비대면 운영형태에 따라 진로체험활동을 구성하고 운영지도자교육을 통해 진로체험활동을 실행하고 평가·활용하는 능력이다.,사회복지·종교,상담,청소년지도,0702020306
K000007548,자동차조립원,운송장비 조립원,공정관리,"표준작업관리란 제품 생산에 있어 시간과 균일한 품질을 확보하기 위해표준작업 설정, 표준시간 설정, 표준작업 실행관리를 수행하는 능력이다.",경영·회계·사무,생산·품질관리,생산관리,0204010305
K000007548,자동차조립원,운송장비 조립원,자동차공정설계,"자동차 섀시부품 공정설계란 자동차 섀시부품 생산을 위한 생산공정의 생산설비, 검사공정 및 물류방식을 결정하는 능력이다.",기계,자동차,자동차설계,1506010310
K000000945,금속가공 기계 조작원,금속관련 기계·설비 조작원,다이캐스팅금형품질관리,다이캐스팅금형 부품검사란 가공된 부품의 표면상태를 육안으로 판별하는능력과 측정기를 선정하여 기본측정을 수행하는 능력이다.,기계,금형,다이캐스팅금형,1510030401
K000000945,금속가공 기계 조작원,금속관련 기계·설비 조작원,열처리,열처리 작업 안전관리란 열처리 현장에서 발생할 수 있는 안전사고 위험요인을 사전 예방하는 안전관리업무와 사고 발생 시의 대처와 응급조치를수행하는 능력이다.,재료,금속재료,금속가공,1601030310
K000000945,금속가공 기계 조작원,금속관련 기계·설비 조작원,항공기엔진·프로펠러제작,"항공기엔진 제작 도면해석이란 항공기 엔진제작 도면을 해석하고, 규격을검토하는 능력이다.",기계,항공기제작,항공기제작,1509020211
K000001083,외선 전기공,전기공,외선공사,가공배전선로공사란 수용가에 전기를 공급하기 위하여 전선설치부터 인입선까지 공사하는 능력이다.,전기·전자,전기,전기공사,1901070212
K000001054,화학물 가공 장치 조작원,석유·화학물 가공장치 조작원,해양오염관리·방제,"해양오염 실태 조사란 해양오염물질의 종류, 유출량, 확산예측, 오염물질의분포상태, 민감자원의 오염정도, 사고현장의 피해지역과 피해상황 등을 확인할 수 있는 능력이다.",건설,해양자원,해양환경관리,1408020303
K000001054,화학물 가공 장치 조작원,석유·화학물 가공장치 조작원,해양오염관리·방제,해상오염방제란 해상유출 오염물질에 대한 초동대응을 하여 오염물질의확산을 방지하고 오염물질을 해상에서 수거하고 제거하는 작업으로 오염피해를 최소화할 수 있는 대응하는 능력이다.,건설,해양자원,해양환경관리,1408020306
K000001054,화학물 가공 장치 조작원,석유·화학물 가공장치 조작원,해양오염관리·방제,해양오염방제 안전관리란 방제작업 현장에서 작업자의 안전을 저해하는요소 등을 파악하여 안전사고를 예방하고 작업자와 야생동식물을 보호할수 있는 인적ㆍ물적 네트워크를 구성하는 능력이다.,건설,해양자원,해양환경관리,1408020305
K000000986,화학제품 생산기계 조작원,고무·플라스틱 및 화학제품 생산기계 조작원 및 조립원,화학제품기술사업화관리,"화학제품 기술사업화 양산설비 구축이란 소규모설비 생산 및 사업성 평가를 통해 얻어진 결과를 바탕으로 양산설비를 구축하기 위해 외부설비, 기존설비 활용 및 신규설비 제작을 수행하는 능력이다.",화학·바이오,화학·바이오공통,화학제품연구개발,1701030305
K000000986,화학제품 생산기계 조작원,고무·플라스틱 및 화학제품 생산기계 조작원 및 조립원,평판인쇄,인쇄물 생산 전 준비 작업이란 인쇄실 작업환경을 조성하고 부재료를 준비하여 규격에 맞는 인쇄가 되도록 준비하는 능력이다.,인쇄·목재·가구·공예,인쇄·출판,인쇄,2201020212
K000000986,화학제품 생산기계 조작원,고무·플라스틱 및 화학제품 생산기계 조작원 및 조립원,도료제조,"도료 배합설계란 고객이 요구하는 코팅 용액을 설계하기 위하여 설계 요구사항을 파악하고, 원재료 혼합비율을 결정하며 배합설계프로세스를 결정하는 능력이다.",화학·바이오,정밀화학,기능성정밀화학,1703020410
K000001124,플라스틱제품 생산기계 조작원,고무·플라스틱 및 화학제품 생산기계 조작원 및 조립원,압출성형,"압출제품 후가공이란 압출제품의 가치 향상을 위해 성형품 도장, 성형품인쇄, 성형품 표면가공, 후가공 검사를 수행하는 능력이다.",화학·바이오,플라스틱·고무,플라스틱,1704010106
K000001124,플라스틱제품 생산기계 조작원,고무·플라스틱 및 화학제품 생산기계 조작원 및 조립원,고무프라스틱기계설치·정비,고무프라스틱기계 유지보수란 사용설명서에 의거하여 최적의 성능을 유지하기 위해 고무프라스틱 기계장치를 점검하고 유지보수하는 능력이다.,기계,기계장치설치,기계장비설치·정비,1505010510
K000001124,플라스틱제품 생산기계 조작원,고무·플라스틱 및 화학제품 생산기계 조작원 및 조립원,고무배합,"고무배합 원가관리란 고무배합물의 조성원가 분석, 가공원가 분석, 원가개선방안 수립 등의 업무를 수행하는 능력이다.",화학·바이오,플라스틱·고무,고무,1704020109
K000000916,상하수도 처리장치 조작원,환경관련 장치 조작원,자동차섀시정비,자동차 정비 작업환경 관리란 자동차 정비작업 도중 발생되는 유해물질 등으로부터 작업자를 보호하기 위해 보호구를 선택하는 능력과 작업 시 장비 및 공구로부터 안전을 고려하여 작업하는 능력이다.,기계,자동차,자동차정비,1506030319
K000000916,상하수도 처리장치 조작원,환경관련 장치 조작원,폐기물관리,폐기물관리 행정업무란 폐기물관리를 위하여 폐기물정책을 파악하고 처리시설의 적법한 운영·관리와 제반사항 준수를 위한 행정업무와 민원업무를 수행하는 능력이다.,환경·에너지·안전,산업환경,폐기물관리,2301030214
K000000916,상하수도 처리장치 조작원,환경관련 장치 조작원,수질공정관리,물리적 처리공정 운전이란 수처리 공정의 기본이 되는 침전 및 막여과 등물리적 처리공정의 운영 최적화를 위한 운전 조건 등을 도출하여 처리 공정을 효율적으로 운전하는 능력이다.,환경·에너지·안전,산업환경,수질관리,2301010215
K000001072,"섬유 제조기계 조작원(방적,방사,연사,합사,권사기등)",섬유 제조·가공 기계 조작원,방적,"방적원가관리란 구매 가격 전략에 따라 제품 표준원가를 설정하고 생산전, 후 원가를 비교 분석하여 조정원가를 확정, 통제할 수 있는 능력을 말한다.",섬유·의복,섬유제조,섬유생산,1801010213
K000001072,"섬유 제조기계 조작원(방적,방사,연사,합사,권사기등)",섬유 제조·가공 기계 조작원,방사,"방사 테이크업은 폴리머가 압출, 냉각공정을 거쳐 방사유제 처리된 실이후공정에서    요구하는 품질수준으로 연신하고, 권취하는 공정으로 실걸이 작업과 사주행상태 및    관련 공정설비를 점검․관리하는 능력이다.",섬유·의복,섬유제조,섬유생산,1801010115
K000001072,"섬유 제조기계 조작원(방적,방사,연사,합사,권사기등)",섬유 제조·가공 기계 조작원,방사,"방사 설비준비란 섬유 생산을 위한 사전확인 단계로써 생산에 필요한 방사부품 준비와 각종 계측설비를 확인하고, 설비의 운전 상태를 점검·관리하는 능력이다.",섬유·의복,섬유제조,섬유생산,1801010102
K000001122,재단사,"패턴사, 재단사 및 재봉사",무대미술,무대미술 계획 수립이란 공연 조건을 파악하는 능력이다.,문화·예술·디자인·방송,문화·예술,공연예술,0801030501
K000001122,재단사,"패턴사, 재단사 및 재봉사",석공예,전통 석조물의 분석은 기존 석조물의 형식과 의미를 파악하는 능력이다.,인쇄·목재·가구·공예,공예,공예,2202010317
K000001122,재단사,"패턴사, 재단사 및 재봉사",무대의상,무대의상 제작준비란 결정된 디자인을 의상 및 장신구로 제작하기 위해작업지시서를 작성하고 예산을 편성하며 시장조사를 통하여 원부자재를구입하는 능력이다.,문화·예술·디자인·방송,문화·예술,공연예술,0801030903
K000001182,패턴사,"패턴사, 재단사 및 재봉사",패턴,메인패턴 제작이란 패턴 수정사항을 확인한 후 겉감패턴과 부속패턴을 완성하는 능력이다.,섬유·의복,패션,패션제품기획,1802010304
K000001182,패턴사,"패턴사, 재단사 및 재봉사",패턴,여성복 샘플패턴 제작이란 여성복 샘플겉감패턴 제작에 필요한 사이즈와패턴제작방법을 정하고 샘플겉감패턴을 제작하는 능력이다.,섬유·의복,패션,패션제품기획,1802010313
K000001182,패턴사,"패턴사, 재단사 및 재봉사",편직의류생산,"편직의류 패턴제작이란 편직의류 생산을 위하여 패턴 작업, 그레이딩, 연단, 재단하는 능력이다.",섬유·의복,패션,패션제품생산,1802020207
K000007457,한복제조원,의복 제조원 및 수선원,웨딩이벤트,"한복 예단 상담·관리란 한복을 제작·관리하고, 매장 환경 관리, 함·예단 포장 관리, 고객 상담, 상품의 출고까지 관리하는 능력이다.",이용·숙박·여행·오락·스포츠,결혼·장례,결혼서비스,1202010404
K000000943,종이제품 생산기계 조작원,목재·펄프·종이 생산기계 조작원,펄프·종이제조,분급 개질이란 해리와 탈묵 공정을 거친 지료를 목표로 하는 지종 생산에사용하기 위하여 지료를 분류하고 최적의 상태로 만들고 유지하는 능력이다.,농림어업,임업,임산물생산·가공,2403030324
K000000943,종이제품 생산기계 조작원,목재·펄프·종이 생산기계 조작원,펄프·종이제조,지필 압착 탈수란 물리적 힘을 가하여 알맞은 지필구조를 유지하면서 최대의 탈수를 실시하는 능력이다.,농림어업,임업,임산물생산·가공,2403030331
K000000943,종이제품 생산기계 조작원,목재·펄프·종이 생산기계 조작원,펄프·종이제조,적층 가공이란 기재에 동종 또는 이종의 복수 적층기재를 접착하여 기재가 지니고 있는 특성을 살리고 동시에 결점을 보완하거나 새로운 기능을부가시켜 요구기능을 원지에 더하는 능력이다.,농림어업,임업,임산물생산·가공,2403030335
K000000971,가구 조립원,가구·목제품 제조·수리원,목재가공,"목재집성가공 실무란 목재고유의 특성을 보완하고 가공수율을 극대화하기위하여 원재료를 준비하고, 집성재를 제조한 후 품질검사 및 포장작업을할 수 있는 능력이다.",농림어업,임업,임산물생산·가공,2403030247
K000000971,가구 조립원,가구·목제품 제조·수리원,목재가공,목질삭편 제조 가공이란 목질계 원료로부터 전처리를 통해 고객이 요구하는 품질수준에 적합한 목질삭편을 제조 및 관리하는 능력이다.,농림어업,임업,임산물생산·가공,2403030235
K000000971,가구 조립원,가구·목제품 제조·수리원,가구제작,"가구 세공작업은 수공구와 목재가공기계를 사용하여 가구 심미성 향상을위하여 조각, 상감, 접목 기법을 사용할 수 있는 능력이다.",인쇄·목재·가구·공예,공예,공예,2202010608
K000001077,공예원,공예원 및 귀금속세공원,칠공예,칠공예 기물준비는 고안된 설계도면과 시방서대로 기물을 주문제작하고검수하는 능력이다.,인쇄·목재·가구·공예,공예,공예,2202010103
K000001077,공예원,공예원 및 귀금속세공원,나전칠기,자개 선별작업은 자개의 종류와 특성을 파악하고 색상을 구분하고 가공하여 나전칠기 제작에 사용할 자개를 선별하는 능력이다.,인쇄·목재·가구·공예,공예,공예,2202010818
K000001077,공예원,공예원 및 귀금속세공원,칠공예,"칠공예 제품기획은 상담자가 의도하는 목적이나 내용을 협의하여 주문 상담하고, 법률적·기술적·경제적인 조사를 통해 칠공예 제품을 기획하여계약을 체결하는 능력이다.",인쇄·목재·가구·공예,공예,공예,2202010101
K000001035,조경원,작물재배 종사자,조경사업관리,"조경관련 법규정 적정성 검토란 해당사업별 조경 계획, 설계, 시공, 사업관리단계의 법규, 기준이 적정하게 반영되었는지 검토하는 능력이다.",건설,조경,조경,1405010402
K000001035,조경원,작물재배 종사자,채소재배,채소정식포장관리란 채소작물을 묘 단계에서 재배포장으로 옮기고 포장의양수분과  잡초를 관리하는 능력이다.,농림어업,농업,작물재배,2401010313
K000001035,조경원,작물재배 종사자,임산물생산,"조경수 관리란 녹지 조성과 경관 향상 소재로 활용되는 조경수의 생산을 위하여 수형 조절, 비배 관리, 병해충 방제 등을 수행하는 능력이다.",농림어업,임업,임산물생산·가공,2403030118
K000007484,곡식작물재배원,작물재배 종사자,전작재배,"전작 생산물관리란 전작 생산물을 안전하게 건조시키고, 소비자의 요구에따른 품질과 규격에 맞게 선별․포장하며, 작물별 조건에 알맞은 저장시설에 저장 관리하는 능력이다.",농림어업,농업,작물재배,2401010216
K000007484,곡식작물재배원,작물재배 종사자,임산물생산,"산나물 재배 적지 선정이란 국민건강에 필요한 먹을거리 생산을 위하여, 이에 필요한 산나물의 특성을 이해하고 재배에 알맞은 적지 선정을 수행하는 능력이다.",농림어업,임업,임산물생산·가공,2403030126
K000007484,곡식작물재배원,작물재배 종사자,임산물생산,"산나물 육묘 재배란 국민건강에 필요한 먹을거리 생산을 위하여, 이에 필요한 산나물 육묘 관리, 재배 관리, 병해충 관리를 수행하는 능력이다.",농림어업,임업,임산물생산·가공,2403030127
K000007486,과수작물재배원,작물재배 종사자,전작재배,"전작 생산물관리란 전작 생산물을 안전하게 건조시키고, 소비자의 요구에따른 품질과 규격에 맞게 선별․포장하며, 작물별 조건에 알맞은 저장시설에 저장 관리하는 능력이다.",농림어업,농업,작물재배,2401010216
K000007486,과수작물재배원,작물재배 종사자,임산물생산,"산나물 재배 적지 선정이란 국민건강에 필요한 먹을거리 생산을 위하여, 이에 필요한 산나물의 특성을 이해하고 재배에 알맞은 적지 선정을 수행하는 능력이다.",농림어업,임업,임산물생산·가공,2403030126
K000007486,과수작물재배원,작물재배 종사자,임산물생산,"산나물 육묘 재배란 국민건강에 필요한 먹을거리 생산을 위하여, 이에 필요한 산나물 육묘 관리, 재배 관리, 병해충 관리를 수행하는 능력이다.",농림어업,임업,임산물생산·가공,2403030127
K000000935,가축 사육 종사원,낙농·사육 종사자,젖소사육,젖소 착유관리란 착유전 유방염 감염여부를 확인하고 착유기를 작동하여착유하며 생산된 원유를 신선하게 보관하고 착유시설을 위생적으로 관리하는 능력이다.,농림어업,축산,사육관리,2402020118
K000000935,가축 사육 종사원,낙농·사육 종사자,젖소사육,"젖소 번식계획이란 우수한 젖소를 확보하기 위하여 우수한 젖소를 구입하고, 인공수정용 정액 또는 이식용 수정란을 선택하여 준비하는 능력이다.",농림어업,축산,사육관리,2402020111
K000000935,가축 사육 종사원,낙농·사육 종사자,젖소사육,"젖소사육 생산물관리란 젖소 사육계획에 따라 원유, 젖소(송아지, 도태우),유제품의 생산 및 판매를 적절하게 관리하여 지속가능한 낙농업 유지와낙농수익을 극대화하는 능력이다.",농림어업,축산,사육관리,2402020121
K000001056,양식원,어업 종사자,음료주류가공,"liqueur(리큐르) 제조란 증류주에 인삼, 과실 등을 침출시키거나 발효·증류·제성과정에 인삼·과실추출액 또는 물료를 첨가하여 충전·밀봉, 검사·포장하는 능력이다.",식품가공,식품가공,식품가공,2101010912
K000001056,양식원,어업 종사자,내수면어업,"조업계획 수립이란 유용한 수산생물을 어획하기 위한 관계법규 파악, 어종별 어획시기 · 크기 등 종합적인 계획을 수립하는 능력이다.",농림어업,수산,어업,2404010401
K000001056,양식원,어업 종사자,스마트양식,스마트양식 경영평가란 중장기 사업계획을 변경하거나 새로운 경영전략을수립하기 위하여 스마트양식 시스템에서의 생산성 향상·경영관리효율성제고·불확실성 배제에 의한 경영실적을 분석·평가하는 능력이다.,농림어업,수산,양식,2404020408
